review_id,k,scale,fragility_score,fragility_class,fragility_frac_sig,fragility_top_dim,bias_n_detect,bias_concordance,bias_class,bias_egger_p,bias_tf_k0,pred_pi_ci_ratio,pred_discordance,pred_I2,pred_tau2,orb_score,orb_class,orb_excess_sig,repro_class,repro_oa_coverage,repro_rate_strict,overlap_max_jaccard,overlap_max_shared,composite_score,d1_fragility_norm,d2_bias_norm,d3_prediction_norm,d4_orb_norm,d5_repro_norm,d6_overlap_norm,grade
CD000028,21,ratio,66.67,Fragile,0.6666666666666666,Bias Correction,1,100,Confirmed,0.0827,2,1.07,CONCORDANT_SIG,0.0,0.0,10.0,Low_Risk,-0.57,no_extraction,0.0,0.0,0.05,1,72.1,66.7,87.5,98.6,90.0,0.0,90.0,B
CD000143,12,ratio,87.55,Moderate,0.12454212454212454,Estimator,0,100,Suspected,0.8038,0,3.17,CONCORDANT_NS,70.0,0.3053,40.0,Moderate_Risk,1.9,no_extraction,0.0,0.0,0,0,67.4,87.5,100.0,56.6,60.0,0.0,100,B
CD000219,21,ratio,49.06,Unstable,0.4906204906204906,Bias Correction,0,100,Suspected,0.5184,0,2.82,FALSE_REASSURANCE,35.7,0.0264,35.0,Moderate_Risk,1.94,insufficient,0.25925925925925924,0.0,0.0769,2,64.7,49.1,100.0,63.6,65.0,25.9,84.6,B
CD000478,13,ratio,69.05,Fragile,0.6904761904761905,Bias Correction,0,100,Suspected,0.339,0,1.12,CONCORDANT_SIG,0.0,0.0,10.0,Low_Risk,0.97,no_extraction,0.0,0.0,0,0,76.1,69.0,100.0,97.6,90.0,0.0,100,B
CD000547,48,ratio,66.6,Fragile,0.6660187884677681,Bias Correction,2,50,Confirmed,0.0028,5,5.39,FALSE_REASSURANCE,70.7,0.7851,25.0,Moderate_Risk,-4.48,no_extraction,0.0,0.0,0,0,54.8,66.6,75.0,12.2,75.0,0.0,100,C
CD001155,59,ratio,93.81,Robust,0.06190476190476191,Estimator,0,100,Clean,0.9155,0,4.61,CONCORDANT_NS,40.5,0.1319,40.0,Moderate_Risk,5.2,no_extraction,0.03349282296650718,0.0,0.0317,4,63.1,93.8,100.0,27.8,60.0,3.3,93.7,B
CD001321,27,ratio,57.82,Fragile,0.5782312925170068,Bias Correction,2,50,Confirmed,0.0028,2,3.91,FALSE_REASSURANCE,66.2,0.1057,35.0,Moderate_Risk,0.08,insufficient,0.30303030303030304,0.0,0.0233,1,60.9,57.8,75.0,41.8,65.0,30.3,95.3,B
CD001396,30,ratio,66.67,Fragile,0.6666666666666666,Bias Correction,2,100,Confirmed,0.0,4,3.08,CONCORDANT_SIG,28.4,0.0676,15.0,Low_Risk,1.52,no_extraction,0.034482758620689655,0.0,0.025,1,63.9,66.7,75.0,58.4,85.0,3.4,95.0,B
CD001431,61,ratio,93.78,Robust,0.0,Leave-One-Out,0,75,Suspected,0.7984,2,5.01,CONCORDANT_NS,64.1,0.0353,65.0,High_Risk,10.86,insufficient,0.39814814814814814,0.20930232558139536,0.0202,4,64.1,93.8,100.0,19.8,35.0,39.8,96.0,B
CD001533,21,ratio,81.67,Moderate,0.08152958152958154,Estimator,0,100,Suspected,0.4006,0,1.91,CONCORDANT_NS,16.1,0.0122,50.0,High_Risk,2.02,no_extraction,0.06172839506172839,0.0,0.0175,1,69.4,81.7,100.0,81.8,50.0,6.2,96.5,B
CD001552,3,ratio,17.46,Unstable,0.1746031746031746,CI Method,0,0,unknown,1.0,0,11.62,FALSE_REASSURANCE,79.1,0.2841,55.0,High_Risk,1.04,no_extraction,0.0,0.0,0.1176,2,39.8,17.5,100.0,0,45.0,0.0,76.5,D
CD001703,21,ratio,68.18,Fragile,0.6818181818181818,Bias Correction,0,100,Suspected,0.1395,3,1.07,CONCORDANT_SIG,0.0,0.0,0.0,Low_Risk,-0.64,no_extraction,0.045454545454545456,0.0,0,0,78.6,68.2,100.0,98.6,100.0,4.5,100,B
CD001797,5,ratio,66.67,Fragile,0.6666666666666666,Bias Correction,0,100,Clean,0.51,1,1.62,CONCORDANT_SIG,0.0,0.0,25.0,Moderate_Risk,1.02,no_extraction,0.0,0.0,0,0,71.5,66.7,100.0,87.6,75.0,0.0,100,B
CD001837,49,ratio,66.67,Fragile,0.6666666666666666,Bias Correction,2,100,Confirmed,0.018,4,4.57,FALSE_REASSURANCE,45.7,0.0328,25.0,Moderate_Risk,1.5,insufficient,0.12307692307692308,0.125,0.0114,1,59.2,66.7,75.0,28.6,75.0,12.3,97.7,C
CD001909,25,ratio,100.0,Robust,1.0,Estimator,1,100,Suspected,0.0811,4,1.06,CONCORDANT_SIG,0.0,0.0,10.0,Low_Risk,-1.68,no_extraction,0.0,0.0,0,0,79.4,100.0,87.5,98.8,90.0,0.0,100,B
CD001920,4,ratio,93.33,Robust,0.0,Leave-One-Out,0,0,unknown,1.0,0,2.2,CONCORDANT_NS,0.0,0.0,10.0,Low_Risk,-0.31,no_extraction,0.013333333333333334,0.0,0.0415,9,75.4,93.3,100.0,76.0,90.0,1.3,91.7,B
CD002042,53,ratio,100.0,Robust,1.0,Estimator,2,100,Suspected,0.0849,3,6.92,FALSE_REASSURANCE,96.3,0.1024,50.0,High_Risk,-3.92,no_extraction,0.0,0.0,0.0286,2,53.2,100.0,75.0,0,50.0,0.0,94.3,C
CD002052,3,ratio,91.67,Robust,0.0,Leave-One-Out,0,0,unknown,1.0,0,6.48,CONCORDANT_NS,0.0,0.0,0.0,Low_Risk,-0.17,no_extraction,0.0,0.0,0.1111,1,61.6,91.7,100.0,0,100.0,0.0,77.8,B
CD002112,21,ratio,66.67,Fragile,0.6666666666666666,Bias Correction,2,100,Confirmed,0.0324,2,3.0,FALSE_REASSURANCE,42.2,0.0275,50.0,High_Risk,2.14,no_extraction,0.0,0.0,0.0102,1,58.3,66.7,75.0,60.0,50.0,0.0,98.0,C
CD002115,5,ratio,39.95,Unstable,0.3994708994708995,Bias Correction,3,50,Confirmed,0.0011,0,3.32,FALSE_REASSURANCE,74.8,0.2031,40.0,Moderate_Risk,1.78,no_extraction,0.0,0.0,0.0294,1,51.7,40.0,62.5,53.6,60.0,0.0,94.1,C
CD002122,56,ratio,48.54,Unstable,0.011974380395433026,Bias Correction,0,50,Discordant,0.2226,4,5.41,CONCORDANT_NS,82.0,0.3445,90.0,High_Risk,12.87,no_extraction,0.022123893805309734,0.0,0.0116,1,45.0,48.5,100.0,11.8,10.0,2.2,97.7,C
CD002203,50,ratio,28.23,Unstable,0.7177093059446,Estimator,2,100,Confirmed,0.0723,1,4.37,CONCORDANT_NS,38.8,0.104,40.0,Moderate_Risk,4.52,no_extraction,0.14,0.0,0,0,51.6,28.2,75.0,32.6,60.0,14.0,100,C
CD002243,180,ratio,49.5,Unstable,0.49504516355345085,Bias Correction,2,100,Confirmed,0.0001,30,5.73,FALSE_REASSURANCE,25.8,0.0111,50.0,High_Risk,4.23,insufficient,0.23333333333333334,0.16666666666666666,0.0123,1,50.1,49.5,75.0,5.4,50.0,23.3,97.5,C
CD002290,16,ratio,63.4,Fragile,0.6339869281045751,Bias Correction,2,75,Confirmed,0.0,1,3.79,FALSE_REASSURANCE,81.4,0.1187,40.0,Moderate_Risk,0.12,no_extraction,0.13253012048192772,0.0,0.0375,3,58.1,63.4,75.0,44.2,60.0,13.3,92.5,C
CD002303,5,ratio,64.29,Fragile,0.6428571428571429,Bias Correction,0,100,Clean,0.8674,1,3.05,FALSE_REASSURANCE,57.2,0.0268,25.0,Moderate_Risk,-0.5,no_extraction,0.16666666666666666,0.0,0,0,69.2,64.3,100.0,59.0,75.0,16.7,100,B
CD002971,10,ratio,60.03,Fragile,0.6002886002886003,Bias Correction,0,100,Suspected,0.1613,2,1.35,CONCORDANT_SIG,2.9,0.0126,0.0,Low_Risk,0.37,no_extraction,0.09090909090909091,0.0,0,0,77.0,60.0,100.0,93.0,100.0,9.1,100,B
CD003129,3,ratio,22.22,Unstable,0.2222222222222222,CI Method,0,0,unknown,1.0,0,6.48,FALSE_REASSURANCE,0.0,0.0,0.0,Low_Risk,-0.28,no_extraction,0.0,0.0,0.0147,1,53.2,22.2,100.0,0,100.0,0.0,97.1,C
CD003216,4,ratio,71.11,Moderate,0.022222222222222223,Bias Correction,0,0,unknown,1.0,0,2.48,CONCORDANT_NS,4.2,0.0083,10.0,Low_Risk,-0.45,no_extraction,0.0,0.0,0.0222,1,71.2,71.1,100.0,70.4,90.0,0.0,95.6,B
CD003218,5,ratio,66.67,Fragile,0.0,Bias Correction,2,50,Confirmed,0.0619,1,1.62,CONCORDANT_NS,0.0,0.0,0.0,Low_Risk,-0.4,no_extraction,0.16666666666666666,0.0,0.007,1,74.1,66.7,75.0,87.6,100.0,16.7,98.6,B
CD003331,35,ratio,67.59,Fragile,0.0,Bias Correction,0,50,Discordant,0.2146,0,1.04,CONCORDANT_NS,0.0,0.0,10.0,Low_Risk,-1.06,no_extraction,0.18421052631578946,0.0,0.027,2,78.3,67.6,100.0,99.2,90.0,18.4,94.6,B
CD003333,4,ratio,66.67,Fragile,0.0,Leave-One-Out,0,0,unknown,1.0,0,2.2,CONCORDANT_NS,0.0,0.0,10.0,Low_Risk,-0.11,no_extraction,0.0,0.0,0,0,72.1,66.7,100.0,76.0,90.0,0.0,100,B
CD003357,7,ratio,44.84,Unstable,0.44841269841269843,Bias Correction,0,100,Suspected,0.5466,0,3.04,FALSE_REASSURANCE,66.9,0.2212,15.0,Low_Risk,-0.83,no_extraction,0.2,0.0,0,0,68.2,44.8,100.0,59.2,85.0,20.0,100,B
CD003376,15,ratio,91.67,Robust,0.0,Leave-One-Out,0,100,Suspected,0.6347,0,1.1,CONCORDANT_NS,0.0,0.0,0.0,Low_Risk,0.25,no_extraction,0.0,0.0,0.0317,4,80.6,91.7,100.0,98.0,100.0,0.0,93.7,A
CD003414,16,ratio,61.06,Fragile,0.0,Bias Correction,0,50,Discordant,0.3558,0,1.09,CONCORDANT_NS,0.0,0.0,15.0,Low_Risk,1.32,insufficient,0.125,0.5,0.027,1,75.2,61.1,100.0,98.2,85.0,12.5,94.6,B
CD003429,6,ratio,65.08,Fragile,0.06349206349206349,Bias Correction,1,50,Confirmed,0.0062,2,1.42,CONCORDANT_NS,0.0,0.0,0.0,Low_Risk,-0.5,no_extraction,0.0,0.0,0,0,74.0,65.1,87.5,91.6,100.0,0.0,100,B
CD003477,11,difference,69.44,Fragile,0.0,Bias Correction,0,50,Discordant,0.6417,0,2.42,CONCORDANT_NS,31.6,0.0427,0.0,Low_Risk,-0.39,no_extraction,0.14285714285714285,0.0,0.0175,1,75.3,69.4,100.0,71.6,100.0,14.3,96.5,B
CD003511,8,ratio,92.95,Robust,0.03350970017636684,Leave-One-Out,0,100,Suspected,0.4746,1,1.25,CONCORDANT_NS,0.0,0.0,10.0,Low_Risk,0.56,no_extraction,0.0,0.0,0,0,79.7,93.0,100.0,95.0,90.0,0.0,100,B
CD003519,15,ratio,52.08,Fragile,0.5208333333333334,Bias Correction,2,100,Confirmed,0.0881,4,2.51,FALSE_REASSURANCE,35.4,0.0166,35.0,Moderate_Risk,1.57,no_extraction,0.0,0.0,0.0128,1,59.9,52.1,75.0,69.8,65.0,0.0,97.4,C
CD003594,11,ratio,87.17,Moderate,0.1283068783068783,Estimator,0,100,Clean,0.8997,1,2.69,CONCORDANT_NS,45.7,0.7249,0.0,Low_Risk,0.77,no_extraction,0.057692307692307696,0.0,0.0375,3,75.3,87.2,100.0,66.2,100.0,5.8,92.5,B
CD003598,21,ratio,79.29,Moderate,0.7929292929292929,Bias Correction,0,100,Clean,0.815,1,1.07,CONCORDANT_SIG,0.0,0.0,20.0,Low_Risk,-1.74,no_extraction,0.034482758620689655,0.0,0.0112,1,76.5,79.3,100.0,98.6,80.0,3.4,97.8,B
CD003743,6,ratio,84.13,Moderate,0.8412698412698413,Bias Correction,0,100,Clean,0.7178,0,1.42,CONCORDANT_SIG,0.0,0.0,0.0,Low_Risk,-0.77,no_extraction,0.0,0.0,0,0,79.3,84.1,100.0,91.6,100.0,0.0,100,B
CD003774,42,ratio,100.0,Robust,1.0,Estimator,2,100,Suspected,0.0472,6,1.03,CONCORDANT_SIG,0.0,0.0,10.0,Low_Risk,0.21,no_extraction,0.0,0.0,0,0,77.4,100.0,75.0,99.4,90.0,0.0,100,B
CD003833,4,ratio,93.33,Robust,0.0,Bias Correction,0,0,unknown,1.0,0,2.2,CONCORDANT_NS,0.0,0.0,0.0,Low_Risk,-0.19,no_extraction,0.0,0.0,0.0294,1,77.2,93.3,100.0,76.0,100.0,0.0,94.1,B
CD003962,6,ratio,85.71,Moderate,0.14285714285714285,Bias Correction,1,100,Confirmed,0.0531,2,1.42,CONCORDANT_NS,0.1,0.0002,10.0,Low_Risk,-0.45,no_extraction,0.021739130434782608,0.0,0.027,2,75.3,85.7,87.5,91.6,90.0,2.2,94.6,B
CD004184,7,ratio,76.19,Moderate,0.0,Bias Correction,0,50,Discordant,0.5339,0,2.2,CONCORDANT_NS,35.9,0.0397,30.0,Moderate_Risk,0.49,no_extraction,0.07692307692307693,0.0,0,0,71.6,76.2,100.0,76.0,70.0,7.7,100,B
CD004307,42,ratio,100.0,Robust,1.0,Estimator,0,100,Clean,0.9525,0,2.93,CONCORDANT_SIG,22.5,0.0343,35.0,Moderate_Risk,1.53,insufficient,0.1956521739130435,0.2222222222222222,0.0625,6,72.2,100.0,100.0,61.4,65.0,19.6,87.5,B
CD004376,104,ratio,100.0,Robust,0.0,Estimator,1,100,Confirmed,0.3311,5,1.01,CONCORDANT_NS,0.0,0.0,10.0,Low_Risk,-0.9,no_extraction,0.05343511450381679,0.0,0.017,4,79.9,100.0,87.5,99.8,90.0,5.3,96.6,B
CD004406,6,ratio,85.71,Moderate,0.14285714285714285,Bias Correction,2,100,Confirmed,0.0686,1,1.42,CONCORDANT_NS,0.0,0.0,0.0,Low_Risk,-0.39,no_extraction,0.0,0.0,0,0,75.4,85.7,75.0,91.6,100.0,0.0,100,B
CD004417,17,ratio,96.3,Robust,0.9629629629629629,Leave-One-Out,2,100,Suspected,0.0247,2,4.05,CONCORDANT_SIG,84.2,0.9622,30.0,Moderate_Risk,0.75,no_extraction,0.11764705882352941,0.0,0.0769,2,62.8,96.3,75.0,39.0,70.0,11.8,84.6,B
CD004508,6,ratio,51.7,Fragile,0.009070294784580499,Leave-One-Out,0,25,Discordant,0.4926,0,3.07,CONCORDANT_NS,66.6,0.1183,15.0,Low_Risk,0.73,no_extraction,0.0,0.0,0,0,65.9,51.7,100.0,58.6,85.0,0.0,100,B
CD004661,12,ratio,87.55,Moderate,0.0,Leave-One-Out,0,100,Clean,0.9411,0,1.14,CONCORDANT_NS,0.0,0.0,10.0,Low_Risk,-0.43,no_extraction,0.16216216216216217,0.0,0,0,81.8,87.5,100.0,97.2,90.0,16.2,100,A
CD004667,16,ratio,34.08,Unstable,0.3408029878618114,Bias Correction,0,100,Suspected,0.6267,0,2.37,FALSE_REASSURANCE,25.1,0.0071,25.0,Moderate_Risk,1.49,no_extraction,0.125,0.0,0,0,65.7,34.1,100.0,72.6,75.0,12.5,100,B
CD004703,4,ratio,86.67,Moderate,0.06666666666666667,Bias Correction,0,0,unknown,1.0,0,2.2,CONCORDANT_NS,0.0,0.0,0.0,Low_Risk,-0.23,no_extraction,0.0,0.0,0.0385,1,75.8,86.7,100.0,76.0,100.0,0.0,92.3,B
CD004736,14,ratio,66.24,Fragile,0.6624338624338625,Bias Correction,2,100,Confirmed,0.0011,3,3.26,FALSE_REASSURANCE,82.3,0.3747,65.0,High_Risk,1.91,no_extraction,0.0,0.0,0.0156,1,54.7,66.2,75.0,54.8,35.0,0.0,96.9,C
CD004762,5,difference,26.98,Unstable,0.2698412698412698,Estimator,2,100,Confirmed,0.0038,1,3.17,FALSE_REASSURANCE,79.3,0.036,75.0,High_Risk,1.93,insufficient,0.7142857142857143,0.4,0,0,59.2,27.0,75.0,56.6,25.0,71.4,100,C
CD004871,5,ratio,26.46,Unstable,0.4312169312169312,CI Method,2,50,Confirmed,0.0001,0,3.34,FALSE_REASSURANCE,66.6,0.0768,15.0,Low_Risk,-0.96,no_extraction,0.3076923076923077,0.0,0.0044,1,61.6,26.5,75.0,53.2,85.0,30.8,99.1,B
CD004904,4,ratio,64.76,Fragile,0.06666666666666667,Leave-One-Out,0,0,unknown,1.0,0,2.2,CONCORDANT_NS,0.0,0.0,0.0,Low_Risk,-0.1,no_extraction,0.0,0.0,0,0,73.5,64.8,100.0,76.0,100.0,0.0,100,B
CD004925,31,ratio,66.67,Fragile,0.6666666666666666,Bias Correction,1,100,Confirmed,0.033,6,1.04,CONCORDANT_SIG,0.0,0.0,0.0,Low_Risk,0.39,no_extraction,0.0,0.0,0,0,75.6,66.7,87.5,99.2,100.0,0.0,100,B
CD004953,11,ratio,18.25,Unstable,0.0,Leave-One-Out,0,25,Clean,0.4322,2,2.3,CONCORDANT_NS,32.7,0.0631,20.0,Low_Risk,-0.28,no_extraction,0.19047619047619047,0.0,0,0,65.2,18.2,100.0,74.0,80.0,19.0,100,B
CD004992,4,ratio,65.4,Fragile,0.653968253968254,Bias Correction,0,0,unknown,1.0,0,2.57,CONCORDANT_SIG,8.7,0.038,0.0,Low_Risk,0.94,no_extraction,0.0,0.0,0,0,72.3,65.4,100.0,68.6,100.0,0.0,100,B
CD005133,39,ratio,10.99,Unstable,0.10992063492063492,Bias Correction,0,100,Suspected,0.1071,4,1.94,FALSE_REASSURANCE,7.4,0.0067,20.0,Low_Risk,0.96,no_extraction,0.0,0.0,0,0,62.0,11.0,100.0,81.2,80.0,0.0,100,B
CD005187,5,ratio,66.67,Fragile,0.6666666666666666,Bias Correction,0,100,Suspected,0.637,1,2.23,CONCORDANT_SIG,17.5,0.0045,0.0,Low_Risk,0.73,no_extraction,0.2,0.0,0,0,77.0,66.7,100.0,75.4,100.0,20.0,100,B
CD005343,31,ratio,66.67,Fragile,0.6666666666666666,Bias Correction,1,100,Confirmed,0.0114,0,3.19,FALSE_REASSURANCE,57.0,0.1491,65.0,High_Risk,2.56,no_extraction,0.0,0.0,0,0,57.6,66.7,87.5,56.2,35.0,0.0,100,C
CD005495,9,ratio,64.29,Fragile,0.03333333333333333,Bias Correction,1,50,Confirmed,0.2816,2,1.21,CONCORDANT_NS,0.0,0.0,0.0,Low_Risk,-0.35,no_extraction,0.14545454545454545,0.0,0,0,77.0,64.3,87.5,95.8,100.0,14.5,100,B
CD005566,28,ratio,90.42,Robust,0.9042145593869731,Leave-One-Out,0,100,Clean,0.5722,1,1.05,CONCORDANT_SIG,0.0,0.0,20.0,Low_Risk,-1.48,no_extraction,0.10714285714285714,0.0,0.0132,1,79.6,90.4,100.0,99.0,80.0,10.7,97.4,B
CD005582,4,ratio,100.0,Robust,0.0,Estimator,0,0,unknown,1.0,0,2.2,CONCORDANT_NS,0.0,0.0,0.0,Low_Risk,-0.24,no_extraction,0.0,0.0,0,0,79.3,100.0,100.0,76.0,100.0,0.0,100,B
CD005595,32,ratio,100.0,Robust,0.0,Estimator,0,100,Suspected,0.5945,0,1.04,CONCORDANT_NS,0.0,0.0,10.0,Low_Risk,-0.32,no_extraction,0.08163265306122448,0.0,0.0141,1,82.4,100.0,100.0,99.2,90.0,8.2,97.2,A
CD005951,7,ratio,79.96,Moderate,0.07539682539682539,Leave-One-Out,0,100,Suspected,0.4634,0,2.29,CONCORDANT_NS,34.4,0.0579,25.0,Moderate_Risk,1.05,no_extraction,0.0,0.0,0.0385,1,70.2,80.0,100.0,74.2,75.0,0.0,92.3,B
CD006023,18,ratio,71.93,Moderate,0.7192982456140351,Bias Correction,1,100,Confirmed,0.1216,0,3.06,CONCORDANT_SIG,49.5,0.2555,10.0,Low_Risk,-1.93,no_extraction,0.12345679012345678,0.0,0.0108,2,69.7,71.9,87.5,58.8,90.0,12.3,97.8,B
CD006027,4,ratio,36.19,Unstable,0.3619047619047619,Bias Correction,0,0,unknown,1.0,0,4.15,FALSE_REASSURANCE,71.2,0.3776,15.0,Low_Risk,0.83,no_extraction,0.0,0.0,0,0,59.7,36.2,100.0,37.0,85.0,0.0,100,C
CD006124,6,ratio,76.19,Moderate,0.06802721088435375,Leave-One-Out,0,100,Suspected,0.1566,0,3.35,CONCORDANT_NS,80.4,0.4487,60.0,High_Risk,2.83,no_extraction,0.0,0.0,0,0,61.5,76.2,100.0,53.0,40.0,0.0,100,B
CD006140,8,ratio,39.68,Unstable,0.3968253968253968,Bias Correction,1,100,Confirmed,0.0545,0,2.93,FALSE_REASSURANCE,85.4,0.0204,60.0,High_Risk,0.61,no_extraction,0.0,0.0,0.0164,1,54.2,39.7,87.5,61.4,40.0,0.0,96.7,C
CD006182,4,ratio,60.32,Fragile,0.6031746031746031,Bias Correction,0,0,unknown,1.0,0,2.2,CONCORDANT_SIG,0.0,0.0,0.0,Low_Risk,0.61,no_extraction,0.25,0.0,0,0,76.9,60.3,100.0,76.0,100.0,25.0,100,B
CD006185,78,ratio,70.46,Moderate,0.7046413502109705,Bias Correction,1,100,Clean,0.4735,0,4.65,FALSE_REASSURANCE,28.7,0.1663,0.0,Low_Risk,-0.2,no_extraction,0.20300751879699247,0.0,0.017,4,67.0,70.5,87.5,27.0,100.0,20.3,96.6,B
CD006257,9,ratio,89.05,Moderate,0.023809523809523808,Leave-One-Out,0,100,Suspected,0.9925,1,1.93,CONCORDANT_NS,22.6,0.0216,20.0,Low_Risk,-0.56,no_extraction,0.02702702702702703,0.0,0.0077,1,75.3,89.0,100.0,81.4,80.0,2.7,98.5,B
CD006404,112,ratio,65.05,Fragile,0.3494872875403849,Bias Correction,1,100,Confirmed,0.0897,8,4.8,CONCORDANT_NS,27.5,0.0422,50.0,High_Risk,5.59,insufficient,0.2857142857142857,0.03125,0.0204,1,58.5,65.0,87.5,24.0,50.0,28.6,95.9,C
CD006475,27,ratio,60.09,Fragile,0.6009070294784581,Bias Correction,0,100,Suspected,0.3371,0,2.98,FALSE_REASSURANCE,32.4,0.0271,50.0,High_Risk,2.48,no_extraction,0.07407407407407407,0.0,0.0196,1,62.3,60.1,100.0,60.4,50.0,7.4,96.1,B
CD006515,5,ratio,72.22,Moderate,0.05555555555555555,Bias Correction,0,50,Discordant,0.5179,1,1.62,CONCORDANT_NS,0.0,0.0,0.0,Low_Risk,-0.21,no_extraction,0.0,0.0,0,0,76.6,72.2,100.0,87.6,100.0,0.0,100,B
CD006536,43,ratio,98.48,Robust,0.015151515151515152,Leave-One-Out,0,100,Suspected,0.3092,3,1.03,CONCORDANT_NS,0.0,0.0,0.0,Low_Risk,-0.48,no_extraction,0.0,0.0,0.0241,2,82.2,98.5,100.0,99.4,100.0,0.0,95.2,A
CD006606,4,ratio,64.44,Fragile,0.08888888888888889,Bias Correction,0,0,unknown,1.0,0,4.39,CONCORDANT_NS,89.1,0.9385,40.0,Moderate_Risk,0.9,no_extraction,0.25,0.0,0,0,63.6,64.4,100.0,32.2,60.0,25.0,100,B
CD006632,23,difference,76.39,Moderate,0.7638888888888888,Bias Correction,1,100,Confirmed,0.074,0,3.29,FALSE_REASSURANCE,62.5,0.4923,75.0,High_Risk,5.13,no_extraction,0.0,0.0,0.0217,1,56.5,76.4,87.5,54.2,25.0,0.0,95.7,C
CD006689,5,ratio,16.14,Unstable,0.16137566137566137,CI Method,0,100,Suspected,0.2752,1,1.62,FALSE_REASSURANCE,0.0,0.0,0.0,Low_Risk,0.21,no_extraction,0.3333333333333333,0.0,0,0,72.8,16.1,100.0,87.6,100.0,33.3,100,B
CD006712,3,difference,72.22,Moderate,0.027777777777777776,Leave-One-Out,0,0,unknown,1.0,0,6.48,CONCORDANT_NS,0.0,0.0,0.0,Low_Risk,-0.37,no_extraction,0.0,0.0,0.0233,1,61.3,72.2,100.0,0,100.0,0.0,95.3,B
CD006714,3,ratio,66.67,Fragile,0.0,Leave-One-Out,0,0,unknown,1.0,0,6.48,CONCORDANT_NS,0.0,0.0,20.0,Low_Risk,-0.08,no_extraction,0.0,0.0,0,0,57.8,66.7,100.0,0,80.0,0.0,100,C
CD006742,4,ratio,86.67,Moderate,0.0,Leave-One-Out,0,0,unknown,1.0,0,2.2,CONCORDANT_NS,0.0,0.0,10.0,Low_Risk,-0.31,no_extraction,0.0,0.0,0.05,1,73.8,86.7,100.0,76.0,90.0,0.0,90.0,B
CD006839,3,ratio,100.0,Robust,0.0,Estimator,0,0,unknown,1.0,0,6.48,CONCORDANT_NS,0.0,0.0,0.0,Low_Risk,-0.21,no_extraction,0.0,0.0,0,0,66.7,100.0,100.0,0,100.0,0.0,100,B
CD006913,29,ratio,30.85,Unstable,0.30846560846560844,Bias Correction,2,50,Confirmed,0.0129,2,3.99,FALSE_REASSURANCE,70.7,0.0073,35.0,Moderate_Risk,-1.1,no_extraction,0.27586206896551724,0.0,0.0167,1,55.9,30.9,75.0,40.2,65.0,27.6,96.7,C
CD006919,19,ratio,62.38,Fragile,0.6238095238095238,Bias Correction,0,50,Discordant,0.3323,0,2.58,FALSE_REASSURANCE,26.8,0.12,0.0,Low_Risk,-0.02,no_extraction,0.03571428571428571,0.0,0.0398,8,71.1,62.4,100.0,68.4,100.0,3.6,92.0,B
CD006942,4,ratio,27.62,Unstable,0.13333333333333333,Leave-One-Out,0,0,unknown,1.0,0,4.19,CONCORDANT_NS,70.2,0.2096,15.0,Low_Risk,-0.17,no_extraction,0.058823529411764705,0.0,0,0,59.1,27.6,100.0,36.2,85.0,5.9,100,C
CD006982,4,ratio,69.52,Fragile,0.0,Leave-One-Out,0,0,unknown,1.0,0,3.6,CONCORDANT_NS,43.5,0.2434,0.0,Low_Risk,-0.13,no_extraction,0.2,0.0,0,0,72.9,69.5,100.0,48.0,100.0,20.0,100,B
CD007024,18,ratio,91.23,Robust,0.07017543859649122,Leave-One-Out,0,100,Suspected,0.703,2,1.08,CONCORDANT_NS,0.0,0.0,20.0,Low_Risk,-0.1,no_extraction,0.0,0.0,0,0,78.3,91.2,100.0,98.4,80.0,0.0,100,B
CD007026,7,ratio,87.5,Moderate,0.041666666666666664,Leave-One-Out,0,100,Suspected,0.2644,1,1.31,CONCORDANT_NS,0.0,0.0,10.0,Low_Risk,-0.22,no_extraction,0.0,0.0,0,0,78.5,87.5,100.0,93.8,90.0,0.0,100,B
CD007079,10,ratio,7.65,Unstable,0.07647907647907648,Leave-One-Out,2,50,Confirmed,0.0159,3,2.54,FALSE_REASSURANCE,55.9,0.0426,35.0,Moderate_Risk,0.58,no_extraction,0.05263157894736842,0.0,0,0,53.7,7.7,75.0,69.2,65.0,5.3,100,C
CD007130,26,ratio,58.32,Fragile,0.12051734273956496,Bias Correction,0,50,Discordant,0.2309,2,3.23,CONCORDANT_NS,47.5,0.0035,30.0,Moderate_Risk,0.76,no_extraction,0.03571428571428571,0.0,0.0286,1,63.6,58.3,100.0,55.4,70.0,3.6,94.3,B
CD007156,3,ratio,36.11,Unstable,0.3611111111111111,CI Method,0,0,unknown,1.0,0,6.48,FALSE_REASSURANCE,0.0,0.0,0.0,Low_Risk,0.48,no_extraction,0.1956521739130435,0.0,0.0164,1,58.7,36.1,100.0,0,100.0,19.6,96.7,C
CD007310,7,ratio,95.83,Robust,0.0,Bias Correction,0,100,Clean,0.9797,0,1.31,CONCORDANT_NS,0.0,0.0,0.0,Low_Risk,-0.3,major_discrepancy,0.3157894736842105,1.0,0,0,86.9,95.8,100.0,93.8,100.0,31.6,100,A
CD007374,6,ratio,95.24,Robust,0.047619047619047616,Leave-One-Out,0,100,Suspected,0.5967,0,1.42,CONCORDANT_NS,0.0,0.0,0.0,Low_Risk,-0.23,no_extraction,0.0,0.0,0.0833,1,78.4,95.2,100.0,91.6,100.0,0.0,83.3,B
CD007491,8,ratio,83.95,Moderate,0.02821869488536155,Leave-One-Out,0,100,Suspected,0.4626,1,2.45,CONCORDANT_NS,41.2,0.0507,20.0,Low_Risk,0.69,no_extraction,0.25,0.0,0,0,76.7,84.0,100.0,71.0,80.0,25.0,100,B
CD007569,6,ratio,79.37,Moderate,0.1111111111111111,Leave-One-Out,0,100,Suspected,0.6291,0,1.9,CONCORDANT_NS,11.9,0.0031,10.0,Low_Risk,-0.54,no_extraction,0.0,0.0,0.0385,1,73.9,79.4,100.0,82.0,90.0,0.0,92.3,B
CD007572,10,ratio,66.67,Fragile,0.6666666666666666,Bias Correction,2,100,Confirmed,0.0862,0,3.04,FALSE_REASSURANCE,64.5,0.0075,15.0,Low_Risk,0.2,no_extraction,0.08333333333333333,0.0,0,0,65.7,66.7,75.0,59.2,85.0,8.3,100,B
CD007639,5,ratio,34.92,Unstable,0.010582010582010581,Leave-One-Out,0,25,Discordant,0.3556,0,3.3,CONCORDANT_NS,69.4,0.1657,30.0,Moderate_Risk,1.84,no_extraction,0.0,0.0,0,0,59.8,34.9,100.0,54.0,70.0,0.0,100,C
CD007674,28,ratio,55.17,Fragile,0.5517241379310345,Bias Correction,3,50,Confirmed,0.0179,0,4.61,FALSE_REASSURANCE,78.7,0.2472,80.0,High_Risk,4.36,no_extraction,0.2,0.0,0,0,47.6,55.2,62.5,27.8,20.0,20.0,100,C
CD007784,13,ratio,100.0,Robust,1.0,Estimator,1,100,Suspected,0.0103,2,2.39,CONCORDANT_SIG,38.9,0.0072,50.0,High_Risk,3.49,no_extraction,0.037037037037037035,0.0,0.0196,1,68.2,100.0,87.5,72.2,50.0,3.7,96.1,B
CD007809,3,ratio,91.67,Robust,0.0,Leave-One-Out,0,0,unknown,1.0,0,6.48,CONCORDANT_NS,0.0,0.0,0.0,Low_Risk,-0.24,no_extraction,0.2222222222222222,0.0,0,0,69.0,91.7,100.0,0,100.0,22.2,100,B
CD007859,3,ratio,91.67,Robust,0.0,Leave-One-Out,0,0,unknown,1.0,0,10.13,CONCORDANT_NS,48.0,0.0782,0.0,Low_Risk,-0.28,no_extraction,0.07692307692307693,0.0,0.0278,1,65.6,91.7,100.0,0,100.0,7.7,94.4,B
CD007872,3,ratio,91.67,Robust,0.0,Leave-One-Out,0,0,unknown,1.0,0,8.77,CONCORDANT_NS,22.7,0.0038,0.0,Low_Risk,-0.4,no_extraction,0.3333333333333333,0.0,0.125,1,66.7,91.7,100.0,0,100.0,33.3,75.0,B
CD007895,3,ratio,75.0,Moderate,0.0,Leave-One-Out,0,0,unknown,1.0,0,6.48,CONCORDANT_NS,0.0,0.0,0.0,Low_Risk,-0.11,no_extraction,0.2,0.0,0,0,65.8,75.0,100.0,0,100.0,20.0,100,B
CD007896,35,ratio,67.59,Fragile,0.6759259259259259,Bias Correction,1,100,Confirmed,0.0986,4,1.04,CONCORDANT_SIG,0.0,0.0,0.0,Low_Risk,0.77,insufficient,0.28705882352941176,0.04918032786885246,0.0133,1,80.1,67.6,87.5,99.2,100.0,28.7,97.3,A
CD008063,50,difference,66.67,Fragile,0.6666666666666666,Bias Correction,2,50,Confirmed,0.0014,4,4.14,FALSE_REASSURANCE,35.2,0.0129,10.0,Low_Risk,-0.57,no_extraction,0.5067567567567568,0.04,0.0194,2,69.3,66.7,75.0,37.2,90.0,50.7,96.1,B
CD008145,6,ratio,48.53,Unstable,0.4852607709750567,Bias Correction,3,50,Confirmed,0.0009,0,3.39,FALSE_REASSURANCE,89.4,0.0359,65.0,High_Risk,1.03,insufficient,0.8333333333333334,0.1,0.04,2,62.3,48.5,62.5,52.2,35.0,83.3,92.0,B
CD008165,13,ratio,25.62,Unstable,0.2562358276643991,Bias Correction,0,100,Suspected,0.4447,1,3.53,FALSE_REASSURANCE,83.6,0.0785,65.0,High_Risk,1.34,insufficient,0.38461538461538464,0.2,0.0286,3,57.1,25.6,100.0,49.4,35.0,38.5,94.3,C
CD008176,38,ratio,65.81,Fragile,0.0,Bias Correction,1,50,Confirmed,0.0901,5,1.03,CONCORDANT_NS,0.0,0.0,20.0,Low_Risk,-1.14,insufficient,0.16793893129770993,0.18181818181818182,0.0114,1,74.5,65.8,87.5,99.4,80.0,16.8,97.7,B
CD008237,6,ratio,62.59,Fragile,0.6258503401360545,Bias Correction,1,100,Confirmed,0.1432,1,2.71,FALSE_REASSURANCE,53.2,0.0644,50.0,High_Risk,1.52,no_extraction,0.16666666666666666,0.0,0,0,63.8,62.6,87.5,65.8,50.0,16.7,100,B
CD008309,4,ratio,20.95,Unstable,0.20952380952380953,Bias Correction,0,0,unknown,1.0,0,3.18,FALSE_REASSURANCE,27.4,0.0689,0.0,Low_Risk,-0.32,insufficient,0.375,0.2222222222222222,0,0,69.1,20.9,100.0,56.4,100.0,37.5,100,B
CD008349,68,difference,47.85,Unstable,0.47849091327352195,Bias Correction,1,50,Confirmed,0.2235,2,6.63,FALSE_REASSURANCE,68.4,0.2229,65.0,High_Risk,8.08,no_extraction,0.2111111111111111,0.0,0.0126,2,48.2,47.9,87.5,0,35.0,21.1,97.5,C
CD008469,11,ratio,69.44,Fragile,0.0,Leave-One-Out,0,100,Suspected,0.9909,0,1.15,CONCORDANT_NS,0.0,0.0,0.0,Low_Risk,-0.28,insufficient,0.5,0.0,0,0,86.1,69.4,100.0,97.0,100.0,50.0,100,A
CD008493,10,ratio,65.37,Fragile,0.012987012987012988,Bias Correction,1,50,Confirmed,0.19,2,2.67,CONCORDANT_NS,53.4,0.0299,50.0,High_Risk,1.03,no_extraction,0.0,0.0,0.0132,1,61.1,65.4,87.5,66.6,50.0,0.0,97.4,B
CD008552,5,ratio,69.58,Fragile,0.30423280423280424,Estimator,2,100,Confirmed,0.0352,2,3.1,CONCORDANT_NS,63.6,0.2673,25.0,Moderate_Risk,0.47,no_extraction,0.6071428571428571,0.0,0.0316,3,72.0,69.6,75.0,58.0,75.0,60.7,93.7,B
CD008564,12,ratio,59.71,Fragile,0.40293040293040294,Bias Correction,1,100,Confirmed,0.0334,0,1.19,CONCORDANT_NS,0.7,0.0007,0.0,Low_Risk,0.35,insufficient,0.3508771929824561,0.0,0,0,79.7,59.7,87.5,96.2,100.0,35.1,100,B
CD008628,9,ratio,70.0,Moderate,0.0,Bias Correction,0,50,Discordant,0.4968,1,1.21,CONCORDANT_NS,0.0,0.0,0.0,Low_Risk,-0.43,no_extraction,0.3333333333333333,0.0,0,0,83.2,70.0,100.0,95.8,100.0,33.3,100,A
CD008688,3,ratio,91.67,Robust,0.0,Leave-One-Out,0,0,unknown,1.0,0,6.48,CONCORDANT_NS,0.0,0.0,10.0,Low_Risk,-0.13,no_extraction,0.0,0.0,0,0,63.6,91.7,100.0,0,90.0,0.0,100,B
CD008709,31,ratio,62.15,Fragile,0.6215277777777778,Bias Correction,0,100,Suspected,0.3918,1,1.04,CONCORDANT_SIG,0.0,0.0,0.0,Low_Risk,-1.77,no_extraction,0.0,0.0,0.0211,2,76.2,62.1,100.0,99.2,100.0,0.0,95.8,B
CD008858,63,ratio,100.0,Robust,1.0,Estimator,1,100,Confirmed,0.2195,1,6.13,FALSE_REASSURANCE,96.3,0.3548,50.0,High_Risk,-2.91,insufficient,0.02654867256637168,0.3333333333333333,0,0,56.7,100.0,87.5,0,50.0,2.7,100,C
CD008879,8,ratio,24.34,Unstable,0.24338624338624337,Leave-One-Out,0,100,Suspected,0.199,2,1.25,FALSE_REASSURANCE,0.0,0.0,10.0,Low_Risk,0.19,no_extraction,0.23529411764705882,0.0,0.05,1,70.5,24.3,100.0,95.0,90.0,23.5,90.0,B
CD008940,4,ratio,33.33,Unstable,0.13333333333333333,Leave-One-Out,0,0,unknown,1.0,0,2.2,CONCORDANT_NS,0.0,0.0,0.0,Low_Risk,-0.1,no_extraction,0.09302325581395349,0.0,0.0208,1,69.1,33.3,100.0,76.0,100.0,9.3,95.8,B
CD009022,9,ratio,57.78,Fragile,0.5777777777777777,Bias Correction,0,100,Clean,0.7472,0,1.21,CONCORDANT_SIG,0.0,0.0,0.0,Low_Risk,-0.32,insufficient,0.09090909090909091,1.0,0.0333,1,76.0,57.8,100.0,95.8,100.0,9.1,93.3,B
CD009102,5,ratio,77.78,Moderate,0.16666666666666666,Leave-One-Out,0,100,Clean,0.8676,1,2.92,CONCORDANT_NS,57.1,0.1144,35.0,Moderate_Risk,-0.41,no_extraction,0.0,0.0,0,0,67.4,77.8,100.0,61.6,65.0,0.0,100,B
CD009235,31,ratio,66.67,Fragile,0.0,Bias Correction,1,50,Confirmed,0.1314,4,1.04,CONCORDANT_NS,0.0,0.0,20.0,Low_Risk,-1.09,no_extraction,0.03260869565217391,0.0,0.0143,1,72.3,66.7,87.5,99.2,80.0,3.3,97.1,B
CD009252,14,ratio,92.7,Robust,0.07301587301587302,Leave-One-Out,0,100,Suspected,0.7221,0,2.65,CONCORDANT_NS,42.3,0.1747,40.0,Moderate_Risk,2.24,no_extraction,0.0,0.0,0.0385,3,68.7,92.7,100.0,67.0,60.0,0.0,92.3,B
CD009298,11,ratio,100.0,Robust,0.0,Estimator,0,100,Suspected,0.7737,2,1.67,CONCORDANT_NS,9.7,0.0046,10.0,Low_Risk,0.46,no_extraction,0.18181818181818182,0.0,0,0,82.5,100.0,100.0,86.6,90.0,18.2,100,A
CD009362,27,ratio,100.0,Robust,1.0,Estimator,0,100,Clean,0.9311,1,1.8,CONCORDANT_SIG,7.5,0.0607,0.0,Low_Risk,-1.26,insufficient,0.20833333333333334,0.2,0.0189,1,83.5,100.0,100.0,84.0,100.0,20.8,96.2,A
CD009417,5,ratio,29.37,Unstable,0.05555555555555555,Bias Correction,1,50,Confirmed,0.0943,1,2.68,CONCORDANT_NS,33.7,0.0438,10.0,Low_Risk,-0.44,no_extraction,0.0,0.0,0,0,62.2,29.4,87.5,66.4,90.0,0.0,100,B
CD009508,10,ratio,18.9,Unstable,0.18903318903318903,CI Method,1,50,Confirmed,0.1183,0,2.79,FALSE_REASSURANCE,59.8,0.5647,55.0,High_Risk,2.36,no_extraction,0.14285714285714285,0.2,0.0385,3,53.7,18.9,87.5,64.2,45.0,14.3,92.3,C
CD009531,8,ratio,66.67,Fragile,0.0,Bias Correction,2,50,Confirmed,0.0273,0,1.25,CONCORDANT_NS,0.0,0.0,0.0,Low_Risk,-0.6,no_extraction,0.23529411764705882,0.0,0.0217,1,76.0,66.7,75.0,95.0,100.0,23.5,95.7,B
CD009535,9,ratio,46.03,Unstable,0.4603174603174603,Bias Correction,1,50,Confirmed,0.2507,1,3.2,FALSE_REASSURANCE,83.7,0.0466,65.0,High_Risk,1.52,no_extraction,0.2222222222222222,0.0,0.0165,2,57.2,46.0,87.5,56.0,35.0,22.2,96.7,C
CD009609,8,ratio,55.38,Fragile,0.5537918871252204,Leave-One-Out,0,100,Clean,0.8581,1,2.4,FALSE_REASSURANCE,42.0,0.0877,30.0,Moderate_Risk,0.16,no_extraction,0.0,0.0,0.0051,1,66.1,55.4,100.0,72.0,70.0,0.0,99.0,B
CD009679,24,ratio,89.27,Moderate,0.019682539682539683,Leave-One-Out,0,100,Suspected,0.6985,0,3.2,CONCORDANT_NS,50.8,0.4996,25.0,Moderate_Risk,0.35,no_extraction,0.0,0.0,0.037,1,68.8,89.3,100.0,56.0,75.0,0.0,92.6,B
CD009730,10,ratio,45.45,Unstable,0.03318903318903319,Leave-One-Out,0,50,Discordant,0.5296,0,1.6,CONCORDANT_NS,8.4,0.1151,0.0,Low_Risk,-0.27,no_extraction,0.0,0.0,0,0,72.2,45.5,100.0,88.0,100.0,0.0,100,B
CD009749,25,ratio,100.0,Robust,0.0,Estimator,0,100,Suspected,0.5237,2,1.06,CONCORDANT_NS,0.0,0.0,10.0,Low_Risk,0.21,no_extraction,0.0,0.0,0.0282,2,80.5,100.0,100.0,98.8,90.0,0.0,94.4,A
CD009788,5,ratio,20.9,Unstable,0.20899470899470898,CI Method,0,100,Suspected,0.1808,2,1.97,FALSE_REASSURANCE,6.0,0.0116,10.0,Low_Risk,-0.13,no_extraction,0.0,0.0,0.0769,1,62.7,20.9,100.0,80.6,90.0,0.0,84.6,B
CD009945,3,ratio,22.22,Unstable,0.2222222222222222,CI Method,0,0,unknown,1.0,0,6.48,FALSE_REASSURANCE,0.0,0.0,0.0,Low_Risk,-0.74,no_extraction,0.3333333333333333,0.0,0,0,59.3,22.2,100.0,0,100.0,33.3,100,C
CD010001,25,ratio,66.67,Fragile,0.6666666666666666,Bias Correction,0,100,Suspected,0.1853,2,2.54,FALSE_REASSURANCE,21.3,0.0295,25.0,Moderate_Risk,1.99,no_extraction,0.06451612903225806,0.0,0.0282,2,68.6,66.7,100.0,69.2,75.0,6.5,94.4,B
CD010145,9,ratio,73.33,Moderate,0.7333333333333333,Bias Correction,1,100,Confirmed,0.0466,0,1.21,CONCORDANT_SIG,0.0,0.0,0.0,Low_Risk,-1.6,no_extraction,0.0,0.0,0,0,76.1,73.3,87.5,95.8,100.0,0.0,100,B
CD010189,6,ratio,62.59,Fragile,0.0,Bias Correction,0,50,Discordant,0.4409,0,2.41,CONCORDANT_NS,33.7,0.0237,0.0,Low_Risk,0.59,no_extraction,0.16666666666666666,0.0,0,0,75.2,62.6,100.0,71.8,100.0,16.7,100,B
CD010216,7,ratio,87.5,Moderate,0.0,Leave-One-Out,0,100,Suspected,0.7599,1,1.31,CONCORDANT_NS,0.0,0.0,10.0,Low_Risk,-0.25,insufficient,0.2682926829268293,0.09090909090909091,0.0319,3,82.0,87.5,100.0,93.8,90.0,26.8,93.6,A
CD010290,7,ratio,93.06,Robust,0.06944444444444445,CI Method,0,100,Suspected,0.5168,1,1.31,CONCORDANT_NS,0.0,0.0,0.0,Low_Risk,-0.45,no_extraction,0.16666666666666666,0.0,0,0,83.9,93.1,100.0,93.8,100.0,16.7,100,A
CD010441,3,ratio,91.67,Robust,0.0,Leave-One-Out,0,0,unknown,1.0,0,6.48,CONCORDANT_NS,0.0,0.0,0.0,Low_Risk,-0.36,no_extraction,0.0,0.0,0,0,65.3,91.7,100.0,0,100.0,0.0,100,B
CD010533,3,ratio,22.22,Unstable,0.2222222222222222,CI Method,0,0,unknown,1.0,0,6.48,FALSE_REASSURANCE,0.0,0.0,0.0,Low_Risk,-0.86,no_extraction,0.0,0.0,0.1875,3,47.5,22.2,100.0,0,100.0,0.0,62.5,C
CD010583,3,ratio,72.62,Moderate,0.08333333333333333,Leave-One-Out,0,0,unknown,1.0,0,10.79,CONCORDANT_NS,66.1,0.5956,15.0,Low_Risk,0.37,no_extraction,0.1,0.0,0.0455,1,59.8,72.6,100.0,0,85.0,10.0,90.9,C
CD010779,5,difference,77.78,Moderate,0.0,Leave-One-Out,0,100,Suspected,0.6787,0,2.35,CONCORDANT_NS,21.8,0.0298,0.0,Low_Risk,-0.19,no_extraction,0.0,0.0,0,0,75.1,77.8,100.0,73.0,100.0,0.0,100,B
CD010856,12,difference,68.99,Fragile,0.6898656898656899,Bias Correction,1,100,Confirmed,0.4804,0,3.92,FALSE_REASSURANCE,98.4,0.55,50.0,High_Risk,-2.0,no_extraction,0.0,0.0,0.0179,1,57.4,69.0,87.5,41.6,50.0,0.0,96.4,C
CD010966,67,ratio,100.0,Robust,1.0,Estimator,1,100,Suspected,0.1487,6,1.02,CONCORDANT_SIG,0.0,0.0,10.0,Low_Risk,-2.27,no_extraction,0.0,0.0,0,0,79.5,100.0,87.5,99.6,90.0,0.0,100,B
CD011039,5,ratio,67.99,Fragile,0.010582010582010581,Bias Correction,0,50,Discordant,0.4515,0,3.33,CONCORDANT_NS,77.0,0.2468,40.0,Moderate_Risk,0.99,no_extraction,0.0,0.0,0,0,63.6,68.0,100.0,53.4,60.0,0.0,100,B
CD011044,26,ratio,100.0,Robust,1.0,Estimator,0,100,Clean,0.8801,0,3.19,FALSE_REASSURANCE,37.1,0.0716,10.0,Low_Risk,-0.06,no_extraction,0.019230769230769232,0.0,0.0154,1,74.2,100.0,100.0,56.2,90.0,1.9,96.9,B
CD011120,9,ratio,92.38,Robust,0.009523809523809525,Leave-One-Out,0,100,Suspected,0.2753,3,1.21,CONCORDANT_NS,0.0,0.0,10.0,Low_Risk,0.6,insufficient,0.631578947368421,0.08333333333333333,0.0357,1,89.0,92.4,100.0,95.8,90.0,63.2,92.9,A
CD011197,6,ratio,90.48,Robust,0.0,Leave-One-Out,0,100,Suspected,0.4257,1,1.42,CONCORDANT_NS,0.0,0.0,0.0,Low_Risk,-0.27,no_extraction,0.0,0.0,0.0333,1,79.2,90.5,100.0,91.6,100.0,0.0,93.3,B
CD011204,13,ratio,65.08,Fragile,0.6507936507936508,Bias Correction,0,50,Discordant,0.1399,0,3.39,FALSE_REASSURANCE,68.4,0.0895,25.0,Moderate_Risk,-1.74,no_extraction,0.0,0.0,0.0333,1,64.3,65.1,100.0,52.2,75.0,0.0,93.3,B
CD011305,3,ratio,41.67,Unstable,0.0,Leave-One-Out,0,0,unknown,1.0,0,6.63,CONCORDANT_NS,1.4,0.0208,0.0,Low_Risk,-0.08,no_extraction,0.0,0.0,0.0286,2,56.0,41.7,100.0,0,100.0,0.0,94.3,C
CD011330,4,ratio,62.22,Fragile,0.1111111111111111,Bias Correction,0,0,unknown,1.0,0,2.2,CONCORDANT_NS,0.0,0.0,0.0,Low_Risk,-0.56,no_extraction,0.0,0.0,0,0,73.0,62.2,100.0,76.0,100.0,0.0,100,B
CD011381,46,ratio,15.47,Unstable,0.15467747382641,Bias Correction,0,50,Discordant,0.1306,3,5.26,FALSE_REASSURANCE,68.4,0.2234,65.0,High_Risk,8.08,no_extraction,0.021739130434782608,0.0,0.3707,43,32.2,15.5,100.0,14.8,35.0,2.2,25.9,D
CD011535,38,ratio,100.0,Robust,1.0,Estimator,3,100,Suspected,0.0107,7,3.3,CONCORDANT_SIG,29.2,0.2172,30.0,Moderate_Risk,3.61,insufficient,0.02564102564102564,0.2,0.0352,7,63.7,100.0,62.5,54.0,70.0,2.6,93.0,B
CD011575,4,ratio,74.92,Moderate,0.050793650793650794,Leave-One-Out,0,0,unknown,1.0,0,4.32,CONCORDANT_NS,73.2,0.1037,15.0,Low_Risk,0.63,no_extraction,0.25,0.0,0.0294,1,68.8,74.9,100.0,33.6,85.0,25.0,94.1,B
CD011600,5,ratio,70.37,Moderate,0.7037037037037037,Bias Correction,0,100,Clean,0.3065,1,1.62,CONCORDANT_SIG,0.0,0.0,0.0,Low_Risk,-0.56,insufficient,0.2222222222222222,0.5,0,0,80.0,70.4,100.0,87.6,100.0,22.2,100,A
CD011626,11,ratio,62.17,Fragile,0.06481481481481481,Bias Correction,0,50,Discordant,0.1857,3,2.19,CONCORDANT_NS,30.0,0.3305,0.0,Low_Risk,-0.19,no_extraction,0.11764705882352941,0.0,0.0556,1,73.2,62.2,100.0,76.2,100.0,11.8,88.9,B
CD011627,8,ratio,86.77,Moderate,0.07407407407407407,Leave-One-Out,0,100,Suspected,0.8734,0,3.03,CONCORDANT_NS,68.8,0.6937,45.0,Moderate_Risk,2.1,no_extraction,0.1,0.0,0.0323,1,67.5,86.8,100.0,59.4,55.0,10.0,93.5,B
CD011670,7,ratio,71.63,Moderate,0.04563492063492063,Leave-One-Out,1,100,Confirmed,0.1443,1,2.57,CONCORDANT_NS,45.2,0.3688,0.0,Low_Risk,-0.19,no_extraction,0.0,0.0,0,0,71.3,71.6,87.5,68.6,100.0,0.0,100,B
CD011671,17,ratio,64.55,Fragile,0.6455026455026455,Bias Correction,0,100,Clean,0.7494,1,2.43,FALSE_REASSURANCE,25.3,0.0132,15.0,Low_Risk,1.85,no_extraction,0.0,0.0,0,0,70.2,64.5,100.0,71.4,85.0,0.0,100,B
CD011689,31,ratio,100.0,Robust,1.0,Estimator,2,100,Suspected,0.1106,3,4.52,CONCORDANT_SIG,86.6,0.288,75.0,High_Risk,1.24,no_extraction,0.007874015748031496,0.0,0.008,1,54.8,100.0,75.0,29.6,25.0,0.8,98.4,C
CD011762,29,ratio,97.14,Robust,0.0,Leave-One-Out,0,100,Suspected,0.1856,3,1.99,CONCORDANT_NS,10.3,0.0417,10.0,Low_Risk,-0.82,no_extraction,0.003436426116838488,0.0,0.0185,1,77.3,97.1,100.0,80.2,90.0,0.3,96.3,B
CD011778,38,difference,64.35,Fragile,0.6434676434676435,Bias Correction,2,100,Confirmed,0.0596,1,5.98,FALSE_REASSURANCE,97.4,0.1838,50.0,High_Risk,-5.57,no_extraction,0.0,0.0,0,0,48.3,64.3,75.0,0.4,50.0,0.0,100,C
CD011793,13,ratio,61.9,Fragile,0.0,Bias Correction,1,50,Confirmed,0.1808,0,1.12,CONCORDANT_NS,0.0,0.0,0.0,Low_Risk,-0.43,no_extraction,0.0,0.0,0,0,74.5,61.9,87.5,97.6,100.0,0.0,100,B
CD011841,4,ratio,71.43,Moderate,0.0,Leave-One-Out,0,0,unknown,1.0,0,2.64,CONCORDANT_NS,8.6,0.0239,0.0,Low_Risk,-0.19,no_extraction,0.2692307692307692,0.0,0.0309,3,76.6,71.4,100.0,67.2,100.0,26.9,93.8,B
CD011851,4,ratio,73.33,Moderate,0.0,Bias Correction,0,0,unknown,1.0,0,2.2,CONCORDANT_NS,0.0,0.0,10.0,Low_Risk,-0.19,no_extraction,0.0,0.0,0.0435,1,71.8,73.3,100.0,76.0,90.0,0.0,91.3,B
CD011858,3,ratio,100.0,Robust,0.0,Estimator,0,0,unknown,1.0,0,7.21,CONCORDANT_NS,5.7,0.0895,0.0,Low_Risk,-0.19,no_extraction,0.0,0.0,0.0189,1,66.0,100.0,100.0,0,100.0,0.0,96.2,B
CD011866,28,ratio,100.0,Robust,1.0,Estimator,0,100,Clean,0.4896,0,2.7,FALSE_REASSURANCE,25.5,0.0154,20.0,Low_Risk,-0.16,insufficient,0.25,0.0,0.0135,2,78.0,100.0,100.0,66.0,80.0,25.0,97.3,B
CD011885,7,ratio,79.56,Moderate,0.1626984126984127,Leave-One-Out,0,100,Suspected,0.6566,1,2.4,CONCORDANT_NS,42.6,0.1411,25.0,Moderate_Risk,1.4,no_extraction,0.14285714285714285,0.0,0,0,73.5,79.6,100.0,72.0,75.0,14.3,100,B
CD012067,38,ratio,63.25,Fragile,0.6324786324786325,Bias Correction,1,100,Confirmed,0.5159,1,5.64,FALSE_REASSURANCE,94.0,1.0609,60.0,High_Risk,-3.09,no_extraction,0.02097902097902098,0.0,0.0345,2,48.9,63.2,87.5,7.2,40.0,2.1,93.1,C
CD012079,52,ratio,20.01,Unstable,0.5896975142258161,Bias Correction,1,50,Confirmed,0.0,9,4.7,FALSE_REASSURANCE,48.9,0.7012,30.0,Moderate_Risk,2.15,no_extraction,0.01694915254237288,0.0,0.013,1,50.4,20.0,87.5,26.0,70.0,1.7,97.4,C
CD012170,8,difference,34.22,Unstable,0.6578483245149912,Leave-One-Out,0,100,Suspected,0.3648,0,3.07,CONCORDANT_NS,93.9,14.5461,50.0,High_Risk,0.82,no_extraction,0.875,0.0,0.0286,1,70.8,34.2,100.0,58.6,50.0,87.5,94.3,B
CD012178,5,ratio,61.11,Fragile,0.0,Bias Correction,0,50,Discordant,0.7107,1,1.62,CONCORDANT_NS,0.0,0.0,0.0,Low_Risk,-0.16,no_extraction,0.0,0.0,0.0256,1,73.9,61.1,100.0,87.6,100.0,0.0,94.9,B
CD012186,105,ratio,69.18,Fragile,0.6918238993710691,Bias Correction,2,100,Confirmed,0.2554,9,6.67,FALSE_REASSURANCE,58.1,0.1822,65.0,High_Risk,11.79,no_extraction,0.02702702702702703,0.0,0.3707,43,34.6,69.2,75.0,0,35.0,2.7,25.9,D
CD012214,4,ratio,35.56,Unstable,0.35555555555555557,Bias Correction,0,0,unknown,1.0,0,2.2,FALSE_REASSURANCE,0.0,0.0,0.0,Low_Risk,0.59,no_extraction,0.3333333333333333,0.0,0.2,2,67.5,35.6,100.0,76.0,100.0,33.3,60.0,B
CD012268,21,difference,26.41,Unstable,0.6904761904761905,Estimator,0,100,Suspected,0.5148,1,2.35,CONCORDANT_NS,45.7,0.1552,20.0,Low_Risk,-0.47,no_extraction,0.47619047619047616,0.0,0.037,1,69.9,26.4,100.0,73.0,80.0,47.6,92.6,B
CD012397,3,ratio,52.38,Fragile,0.09523809523809523,Leave-One-Out,0,0,unknown,1.0,0,12.72,CONCORDANT_NS,95.6,1.038,45.0,Moderate_Risk,1.89,no_extraction,0.0,0.0,0.0769,1,48.7,52.4,100.0,0,55.0,0.0,84.6,C
CD012426,4,ratio,80.0,Moderate,0.0,Leave-One-Out,0,0,unknown,1.0,0,2.2,CONCORDANT_NS,0.0,0.0,10.0,Low_Risk,-0.13,no_extraction,0.0,0.0,0,0,74.3,80.0,100.0,76.0,90.0,0.0,100,B
CD012429,4,ratio,86.67,Moderate,0.0,Bias Correction,0,0,unknown,1.0,0,2.2,CONCORDANT_NS,0.0,0.0,0.0,Low_Risk,-0.1,no_extraction,0.0,0.0,0,0,77.1,86.7,100.0,76.0,100.0,0.0,100,B
CD012445,5,difference,78.57,Moderate,0.0,Leave-One-Out,0,100,Suspected,0.7631,0,3.29,CONCORDANT_NS,64.4,0.1929,15.0,Low_Risk,0.77,no_extraction,0.0,0.0,0,0,69.6,78.6,100.0,54.2,85.0,0.0,100,B
CD012503,17,ratio,31.22,Unstable,0.31216931216931215,Bias Correction,1,100,Confirmed,0.0188,4,1.23,FALSE_REASSURANCE,0.8,0.0016,20.0,Low_Risk,-1.29,insufficient,0.47058823529411764,0.0,0.04,1,72.2,31.2,87.5,95.4,80.0,47.1,92.0,B
CD012570,10,ratio,45.45,Unstable,0.0,Bias Correction,1,50,Clean,0.2215,3,1.18,CONCORDANT_NS,0.0,0.0,20.0,Low_Risk,-0.28,no_extraction,0.1,0.0,0.0051,1,69.7,45.5,87.5,96.4,80.0,10.0,99.0,B
CD012572,4,ratio,86.67,Moderate,0.13333333333333333,Bias Correction,0,0,unknown,1.0,0,2.2,CONCORDANT_NS,0.0,0.0,0.0,Low_Risk,-0.44,no_extraction,0.0,0.0,0,0,77.1,86.7,100.0,76.0,100.0,0.0,100,B
CD012586,42,ratio,64.82,Fragile,0.3517903285345146,Bias Correction,2,100,Confirmed,0.0187,0,1.03,CONCORDANT_NS,0.0,0.0,20.0,Low_Risk,0.09,no_extraction,0.0,0.0,0.0398,8,68.5,64.8,75.0,99.4,80.0,0.0,92.0,B
CD012623,9,ratio,86.83,Moderate,0.13174603174603175,Bias Correction,0,100,Suspected,0.7214,1,2.12,CONCORDANT_NS,25.9,0.0024,40.0,Moderate_Risk,2.02,no_extraction,0.125,0.0,0.0476,1,71.2,86.8,100.0,77.6,60.0,12.5,90.5,B
CD012635,6,ratio,73.47,Moderate,0.0,Estimator,0,100,Suspected,0.9348,1,2.26,CONCORDANT_NS,28.0,0.0169,10.0,Low_Risk,-0.21,major_discrepancy,0.6153846153846154,0.5,0,0,83.3,73.5,100.0,74.8,90.0,61.5,100,A
CD012642,4,ratio,73.33,Moderate,0.0,Bias Correction,0,0,unknown,1.0,0,2.2,CONCORDANT_NS,0.0,0.0,10.0,Low_Risk,-0.44,no_extraction,0.0,0.0,0,0,73.2,73.3,100.0,76.0,90.0,0.0,100,B
CD012693,8,ratio,54.32,Fragile,0.5432098765432098,Bias Correction,0,100,Clean,0.9918,0,2.17,FALSE_REASSURANCE,28.7,0.1469,0.0,Low_Risk,-0.15,no_extraction,0.0,0.0,0.0189,1,71.2,54.3,100.0,76.6,100.0,0.0,96.2,B
CD012712,20,ratio,100.0,Robust,1.0,Estimator,2,100,Suspected,0.0001,6,1.07,CONCORDANT_SIG,0.0,0.0,40.0,Moderate_Risk,6.19,insufficient,0.3625,0.13793103448275862,0.0476,2,76.7,100.0,75.0,98.6,60.0,36.2,90.5,B
CD012718,5,ratio,64.55,Fragile,0.6455026455026455,Bias Correction,0,50,Discordant,0.5404,0,3.68,FALSE_REASSURANCE,83.6,0.0559,30.0,Moderate_Risk,-0.89,no_extraction,0.0,0.0,0.0286,1,62.5,64.5,100.0,46.4,70.0,0.0,94.3,B
CD012757,3,ratio,30.56,Unstable,0.3055555555555556,CI Method,0,0,unknown,1.0,0,6.48,FALSE_REASSURANCE,0.0,0.0,0.0,Low_Risk,0.65,no_extraction,0.0,0.0,0,0,55.1,30.6,100.0,0,100.0,0.0,100,C
CD012850,5,ratio,66.67,Fragile,0.0,Bias Correction,0,50,Discordant,0.7199,0,2.01,CONCORDANT_NS,9.5,0.0069,0.0,Low_Risk,-0.18,no_extraction,0.0625,0.0,0,0,75.5,66.7,100.0,79.8,100.0,6.2,100,B
CD012891,13,ratio,62.81,Fragile,0.6281179138321995,Bias Correction,1,100,Confirmed,0.0719,1,3.28,FALSE_REASSURANCE,74.9,0.2034,35.0,Moderate_Risk,0.91,no_extraction,0.0,0.0,0,0,61.6,62.8,87.5,54.4,65.0,0.0,100,B
CD012905,12,ratio,50.18,Fragile,0.5018315018315018,Estimator,0,100,Clean,0.5991,0,2.59,FALSE_REASSURANCE,42.3,0.063,25.0,Moderate_Risk,1.97,no_extraction,0.09090909090909091,0.0,0,0,67.1,50.2,100.0,68.2,75.0,9.1,100,B
CD012925,6,ratio,44.22,Unstable,0.036281179138321996,Bias Correction,2,50,Confirmed,0.0413,0,3.26,CONCORDANT_NS,79.7,0.0469,30.0,Moderate_Risk,0.35,no_extraction,0.9333333333333333,0.0,0.04,2,71.6,44.2,75.0,54.8,70.0,93.3,92.0,B
CD012942,36,ratio,61.0,Fragile,0.0,Bias Correction,0,50,Discordant,0.6446,0,4.39,CONCORDANT_NS,51.7,0.0432,55.0,High_Risk,5.77,no_extraction,0.10810810810810811,0.0,0.0082,1,57.9,61.0,100.0,32.2,45.0,10.8,98.4,C
CD012967,3,ratio,91.67,Robust,0.0,Leave-One-Out,0,0,unknown,1.0,0,6.48,CONCORDANT_NS,0.0,0.0,0.0,Low_Risk,-0.15,no_extraction,0.3333333333333333,0.0,0,0,70.8,91.7,100.0,0,100.0,33.3,100,B
CD012993,13,ratio,42.86,Unstable,0.047619047619047616,Bias Correction,2,50,Confirmed,0.0163,2,2.49,CONCORDANT_NS,32.3,0.11,0.0,Low_Risk,0.38,no_extraction,0.0,0.0,0,0,64.7,42.9,75.0,70.2,100.0,0.0,100,B
CD013042,13,ratio,64.63,Fragile,0.02040816326530612,Bias Correction,2,50,Confirmed,0.0098,2,2.65,CONCORDANT_NS,48.3,0.0093,10.0,Low_Risk,-0.6,no_extraction,0.1518987341772152,0.0,0,0,68.6,64.6,75.0,67.0,90.0,15.2,100,B
CD013051,7,ratio,53.17,Fragile,0.5317460317460317,Bias Correction,3,75,Confirmed,0.0006,1,3.41,FALSE_REASSURANCE,90.1,0.2259,50.0,High_Risk,-0.43,no_extraction,0.0,0.0,0.1176,2,49.0,53.2,62.5,51.8,50.0,0.0,76.5,C
CD013052,5,ratio,100.0,Robust,0.0,Estimator,0,100,Suspected,0.6916,0,1.62,CONCORDANT_NS,0.0,0.0,10.0,Low_Risk,-0.22,no_extraction,0.08333333333333333,0.0,0.1579,3,75.7,100.0,100.0,87.6,90.0,8.3,68.4,B
CD013053,4,ratio,53.33,Fragile,0.5333333333333333,Bias Correction,0,0,unknown,1.0,0,2.2,CONCORDANT_SIG,0.0,0.0,15.0,Low_Risk,1.52,no_extraction,0.0,0.0,0.1579,3,63.8,53.3,100.0,76.0,85.0,0.0,68.4,B
CD013054,8,ratio,66.67,Fragile,0.6666666666666666,Bias Correction,2,50,Confirmed,0.0003,2,2.59,CONCORDANT_SIG,47.4,0.0084,30.0,Moderate_Risk,3.07,no_extraction,0.0,0.0,0.1,2,60.0,66.7,75.0,68.2,70.0,0.0,80.0,B
CD013055,3,ratio,41.67,Unstable,0.4166666666666667,CI Method,0,0,unknown,1.0,0,6.48,FALSE_REASSURANCE,0.0,0.0,0.0,Low_Risk,0.65,no_extraction,0.0,0.0,0.1818,2,50.9,41.7,100.0,0,100.0,0.0,63.6,C
CD013056,4,ratio,12.7,Unstable,0.12698412698412698,CI Method,0,0,unknown,1.0,0,4.37,FALSE_REASSURANCE,81.4,0.0526,50.0,High_Risk,-0.78,no_extraction,0.0,0.0,0.1818,2,43.2,12.7,100.0,32.6,50.0,0.0,63.6,C
CD013059,5,ratio,10.58,Unstable,0.10582010582010581,CI Method,0,100,Suspected,0.7464,1,1.62,FALSE_REASSURANCE,0.0,0.0,0.0,Low_Risk,-0.87,no_extraction,0.11891891891891893,0.0,0,0,68.3,10.6,100.0,87.6,100.0,11.9,100,B
CD013071,16,ratio,100.0,Robust,0.0,Estimator,0,100,Suspected,0.5883,1,1.09,CONCORDANT_NS,0.0,0.0,0.0,Low_Risk,-0.95,insufficient,0.08333333333333333,0.5,0.027,1,83.5,100.0,100.0,98.2,100.0,8.3,94.6,A
CD013105,5,ratio,68.52,Fragile,0.037037037037037035,Bias Correction,0,50,Discordant,0.1897,2,2.9,CONCORDANT_NS,49.3,0.4552,0.0,Low_Risk,-0.2,no_extraction,0.14285714285714285,0.0,0.0204,1,73.5,68.5,100.0,62.0,100.0,14.3,95.9,B
CD013197,64,ratio,60.61,Fragile,0.0673992673992674,Bias Correction,0,50,Discordant,0.4738,2,6.25,CONCORDANT_NS,69.2,1.2938,55.0,High_Risk,8.57,insufficient,0.25,0.05555555555555555,0.0179,1,54.5,60.6,100.0,0,45.0,25.0,96.4,C
CD013232,121,ratio,59.02,Fragile,0.0,Bias Correction,0,25,Discordant,0.1424,6,1.01,CONCORDANT_NS,0.0,0.0,10.0,Low_Risk,-3.29,no_extraction,0.052478134110787174,0.0,0.0902,12,72.7,59.0,100.0,99.8,90.0,5.2,82.0,B
CD013255,9,ratio,66.35,Fragile,0.6634920634920635,Bias Correction,3,100,Confirmed,0.0255,0,3.32,FALSE_REASSURANCE,80.6,0.1356,45.0,Moderate_Risk,1.05,no_extraction,0.1111111111111111,0.0,0,0,58.1,66.3,62.5,53.6,55.0,11.1,100,C
CD013278,12,ratio,76.19,Moderate,0.23809523809523808,Bias Correction,1,100,Confirmed,0.0832,2,1.14,CONCORDANT_NS,0.0,0.0,10.0,Low_Risk,-0.77,no_extraction,0.05555555555555555,0.0,0,0,76.1,76.2,87.5,97.2,90.0,5.6,100,B
CD013284,4,ratio,66.67,Fragile,0.0,Leave-One-Out,0,0,unknown,1.0,0,2.7,CONCORDANT_NS,12.0,0.061,0.0,Low_Risk,-0.15,no_extraction,0.6,0.0,0,0,82.1,66.7,100.0,66.0,100.0,60.0,100,A
CD013295,66,ratio,66.67,Fragile,0.6666666666666666,Bias Correction,0,100,Suspected,0.1474,0,5.27,FALSE_REASSURANCE,52.3,0.206,55.0,High_Risk,8.56,no_extraction,0.08666666666666667,0.0,0.0095,1,55.5,66.7,100.0,14.6,45.0,8.7,98.1,C
CD013332,10,ratio,60.61,Fragile,0.6060606060606061,Bias Correction,0,50,Discordant,0.1874,0,2.67,FALSE_REASSURANCE,46.9,0.0966,0.0,Low_Risk,0.0,no_extraction,0.02857142857142857,0.0,0.0233,1,70.9,60.6,100.0,66.6,100.0,2.9,95.3,B
CD013342,8,ratio,13.4,Unstable,0.13403880070546736,CI Method,2,50,Confirmed,0.0366,2,2.5,FALSE_REASSURANCE,48.4,0.0826,10.0,Low_Risk,-0.91,no_extraction,0.22033898305084745,0.0,0.0294,1,60.8,13.4,75.0,70.0,90.0,22.0,94.1,B
CD013344,6,ratio,66.67,Fragile,0.0,Bias Correction,0,50,Discordant,0.2404,0,1.42,CONCORDANT_NS,0.0,0.0,0.0,Low_Risk,-0.53,insufficient,0.08333333333333333,1.0,0.0156,1,77.2,66.7,100.0,91.6,100.0,8.3,96.9,B
CD013353,6,difference,68.71,Fragile,0.6870748299319728,Bias Correction,0,100,Suspected,0.3094,1,3.26,FALSE_REASSURANCE,73.9,2.4296,15.0,Low_Risk,-1.76,no_extraction,0.08333333333333333,0.0,0,0,69.5,68.7,100.0,54.8,85.0,8.3,100,B
CD013355,4,ratio,40.95,Unstable,0.0,Leave-One-Out,0,0,unknown,1.0,0,3.47,CONCORDANT_NS,35.1,0.2861,10.0,Low_Risk,-0.25,no_extraction,0.25,0.0,0.1111,1,64.1,41.0,100.0,50.6,90.0,25.0,77.8,B
CD013358,6,ratio,59.41,Fragile,0.07936507936507936,Bias Correction,0,50,Discordant,0.4675,0,3.3,CONCORDANT_NS,78.6,0.4363,30.0,Moderate_Risk,0.85,no_extraction,0.09615384615384616,0.0,0.0114,1,65.1,59.4,100.0,54.0,70.0,9.6,97.7,B
CD013366,7,ratio,100.0,Robust,0.0,Estimator,0,100,Clean,0.9266,0,1.4,CONCORDANT_NS,1.3,0.0081,0.0,Low_Risk,-0.31,insufficient,0.12,0.0,0,0,84.0,100.0,100.0,92.0,100.0,12.0,100,A
CD013396,16,ratio,96.36,Robust,0.0,Leave-One-Out,0,100,Clean,0.8783,0,2.7,CONCORDANT_NS,40.6,0.2353,10.0,Low_Risk,0.32,insufficient,0.4166666666666667,0.05,0,0,82.3,96.4,100.0,66.0,90.0,41.7,100,A
CD013408,5,ratio,29.1,Unstable,0.291005291005291,Bias Correction,0,100,Suspected,0.7768,1,2.67,FALSE_REASSURANCE,34.9,0.0483,0.0,Low_Risk,0.34,no_extraction,0.0,0.0,0,0,66.0,29.1,100.0,66.6,100.0,0.0,100,B
CD013414,15,ratio,68.75,Fragile,0.6875,Bias Correction,0,100,Clean,0.7373,0,3.04,FALSE_REASSURANCE,54.7,0.1791,25.0,Moderate_Risk,-2.04,insufficient,0.22727272727272727,0.2,0.0345,2,69.8,68.8,100.0,59.2,75.0,22.7,93.1,B
CD013421,15,ratio,66.67,Fragile,0.6666666666666666,Bias Correction,2,100,Confirmed,0.0374,3,3.17,FALSE_REASSURANCE,60.4,0.1345,55.0,High_Risk,2.49,no_extraction,0.0,0.0,0,0,57.2,66.7,75.0,56.6,45.0,0.0,100,C
CD013425,21,ratio,98.48,Robust,0.9848484848484849,Leave-One-Out,2,100,Confirmed,0.0024,5,1.07,CONCORDANT_SIG,0.0,0.0,25.0,Moderate_Risk,1.14,no_extraction,0.023809523809523808,0.0,0.0104,1,74.6,98.5,75.0,98.6,75.0,2.4,97.9,B
CD013429,4,ratio,71.11,Moderate,0.7111111111111111,Leave-One-Out,0,0,unknown,1.0,0,2.2,CONCORDANT_SIG,0.0,0.0,10.0,Low_Risk,-0.9,no_extraction,0.0,0.0,0.007,1,72.6,71.1,100.0,76.0,90.0,0.0,98.6,B
CD013445,39,ratio,66.63,Fragile,0.6662698412698412,Bias Correction,3,50,Confirmed,0.0001,0,4.34,FALSE_REASSURANCE,57.2,0.0068,75.0,High_Risk,2.05,no_extraction,0.07692307692307693,0.0,0.0164,1,48.6,66.6,62.5,33.2,25.0,7.7,96.7,C
CD013456,12,ratio,67.28,Fragile,0.6727716727716728,Leave-One-Out,0,100,Suspected,0.3186,0,1.94,FALSE_REASSURANCE,17.6,0.0369,10.0,Low_Risk,0.23,no_extraction,0.3333333333333333,0.0,0,0,78.6,67.3,100.0,81.2,90.0,33.3,100,B
CD013462,17,ratio,55.91,Fragile,0.007054673721340388,Bias Correction,0,50,Discordant,0.2421,1,3.33,CONCORDANT_NS,62.2,0.7111,55.0,High_Risk,3.84,no_extraction,0.0,0.0,0.0048,1,58.9,55.9,100.0,53.4,45.0,0.0,99.0,C
CD013474,6,ratio,38.1,Unstable,0.0,Leave-One-Out,0,25,Discordant,0.3467,0,2.81,CONCORDANT_NS,64.0,0.0504,50.0,High_Risk,1.59,no_extraction,0.2222222222222222,0.0,0,0,62.4,38.1,100.0,63.8,50.0,22.2,100,B
CD013476,3,ratio,100.0,Robust,0.0,Estimator,0,0,unknown,1.0,0,6.48,CONCORDANT_NS,0.0,0.0,0.0,Low_Risk,-0.41,no_extraction,0.0,0.0,0,0,66.7,100.0,100.0,0,100.0,0.0,100,B
CD013508,4,ratio,93.33,Robust,0.0,Leave-One-Out,0,0,unknown,1.0,0,3.38,CONCORDANT_NS,33.9,0.1543,0.0,Low_Risk,-0.24,no_extraction,0.23809523809523808,0.0,0.027,2,77.4,93.3,100.0,52.4,100.0,23.8,94.6,B
CD013539,29,ratio,85.87,Moderate,0.0,Leave-One-Out,0,100,Clean,0.2869,2,1.05,CONCORDANT_NS,0.0,0.0,20.0,Low_Risk,-0.73,no_extraction,0.0,0.0,0,0,77.5,85.9,100.0,99.0,80.0,0.0,100,B
CD013541,8,ratio,100.0,Robust,0.0,Estimator,0,100,Suspected,0.7732,1,1.25,CONCORDANT_NS,0.0,0.0,0.0,Low_Risk,-0.36,no_extraction,0.0,0.0,0.0154,1,82.0,100.0,100.0,95.0,100.0,0.0,96.9,A
CD013561,5,ratio,88.36,Moderate,0.06084656084656084,Leave-One-Out,0,100,Suspected,0.8231,0,2.71,CONCORDANT_NS,36.6,0.1155,0.0,Low_Risk,0.64,no_extraction,0.0,0.0,0.0385,1,74.4,88.4,100.0,65.8,100.0,0.0,92.3,B
CD013571,4,ratio,34.6,Unstable,0.346031746031746,Bias Correction,0,0,unknown,1.0,0,3.59,FALSE_REASSURANCE,44.2,0.0172,0.0,Low_Risk,-0.14,no_extraction,0.25,0.0,0,0,68.0,34.6,100.0,48.2,100.0,25.0,100,B
CD013590,5,ratio,77.78,Moderate,0.0,Bias Correction,0,50,Discordant,0.2879,1,1.62,CONCORDANT_NS,0.0,0.0,0.0,Low_Risk,-0.46,no_extraction,0.2903225806451613,0.0,0,0,82.4,77.8,100.0,87.6,100.0,29.0,100,A
CD013591,13,difference,56.46,Fragile,0.564625850340136,Estimator,1,100,Confirmed,0.1689,3,2.66,FALSE_REASSURANCE,91.0,15.7784,50.0,High_Risk,-2.92,no_extraction,0.07142857142857142,0.0,0.0278,1,60.4,56.5,87.5,66.8,50.0,7.1,94.4,B
CD013595,3,ratio,41.67,Unstable,0.4166666666666667,CI Method,0,0,unknown,1.0,0,6.48,FALSE_REASSURANCE,0.0,0.0,0.0,Low_Risk,0.19,no_extraction,0.0,0.0,0,0,56.9,41.7,100.0,0,100.0,0.0,100,C
CD013613,3,ratio,75.0,Moderate,0.0,Leave-One-Out,0,0,unknown,1.0,0,6.48,CONCORDANT_NS,0.0,0.0,0.0,Low_Risk,-0.11,no_extraction,0.125,0.0,0,0,64.6,75.0,100.0,0,100.0,12.5,100,B
CD013614,15,ratio,100.0,Robust,1.0,Estimator,3,100,Confirmed,0.0256,0,3.64,CONCORDANT_SIG,80.0,0.1341,40.0,Moderate_Risk,0.78,no_extraction,0.15384615384615385,0.0,0.0385,3,62.9,100.0,62.5,47.2,60.0,15.4,92.3,B
CD013631,3,ratio,91.67,Robust,0.0,Leave-One-Out,0,0,unknown,1.0,0,9.69,CONCORDANT_NS,42.1,0.1854,0.0,Low_Risk,-0.44,no_extraction,0.0,0.0,0.0204,1,64.6,91.7,100.0,0,100.0,0.0,95.9,B
CD013643,6,ratio,46.94,Unstable,0.46938775510204084,Bias Correction,0,100,Clean,0.9926,0,2.71,FALSE_REASSURANCE,57.5,0.5311,25.0,Moderate_Risk,0.32,no_extraction,0.1,0.0,0,0,66.3,46.9,100.0,65.8,75.0,10.0,100,B
CD013672,7,ratio,66.87,Fragile,0.03968253968253968,Bias Correction,0,50,Discordant,0.2289,0,2.99,CONCORDANT_NS,68.7,0.0265,25.0,Moderate_Risk,-0.91,no_extraction,0.42857142857142855,0.0,0,0,74.2,66.9,100.0,60.2,75.0,42.9,100,B
CD013715,7,ratio,33.73,Unstable,0.3373015873015873,Bias Correction,2,50,Confirmed,0.0261,1,2.73,FALSE_REASSURANCE,55.1,0.126,25.0,Moderate_Risk,-0.71,no_extraction,0.0,0.0,0,0,58.2,33.7,75.0,65.4,75.0,0.0,100,C
CD013719,4,ratio,24.13,Unstable,0.24126984126984127,CI Method,0,0,unknown,1.0,0,4.31,FALSE_REASSURANCE,79.9,0.3246,30.0,Moderate_Risk,0.79,no_extraction,0.045454545454545456,0.0,0,0,55.4,24.1,100.0,33.8,70.0,4.5,100,C
CD013726,12,ratio,92.43,Robust,0.06105006105006105,Estimator,0,100,Suspected,0.664,2,3.22,CONCORDANT_NS,69.0,0.5466,40.0,Moderate_Risk,1.35,no_extraction,0.07142857142857142,0.0,0,0,69.2,92.4,100.0,55.6,60.0,7.1,100,B
CD013745,3,ratio,36.11,Unstable,0.3611111111111111,Leave-One-Out,0,0,unknown,1.0,0,6.48,FALSE_REASSURANCE,0.0,0.0,0.0,Low_Risk,-0.26,no_extraction,0.0,0.0,0,0,56.0,36.1,100.0,0,100.0,0.0,100,C
CD013748,8,ratio,24.69,Unstable,0.24691358024691357,Bias Correction,0,100,Suspected,0.6844,0,1.25,FALSE_REASSURANCE,0.0,0.0,0.0,Low_Risk,0.13,no_extraction,0.0,0.0,0,0,69.9,24.7,100.0,95.0,100.0,0.0,100,B
CD013757,6,ratio,33.79,Unstable,0.3378684807256236,Leave-One-Out,0,100,Clean,0.631,1,2.58,FALSE_REASSURANCE,53.6,0.178,50.0,High_Risk,1.61,no_extraction,0.16666666666666666,0.0,0,0,61.5,33.8,100.0,68.4,50.0,16.7,100,B
CD013758,4,ratio,89.52,Moderate,0.0,Leave-One-Out,0,0,unknown,1.0,0,2.2,CONCORDANT_NS,0.0,0.0,20.0,Low_Risk,-0.2,no_extraction,0.16129032258064516,0.0,0,0,76.9,89.5,100.0,76.0,80.0,16.1,100,B
CD013763,21,ratio,66.67,Fragile,0.6666666666666666,Bias Correction,2,100,Confirmed,0.0078,6,2.1,CONCORDANT_SIG,14.3,0.0459,0.0,Low_Risk,-1.28,no_extraction,0.07272727272727272,0.0,0.0309,3,70.1,66.7,75.0,78.0,100.0,7.3,93.8,B
CD013764,4,ratio,60.0,Fragile,0.0,Bias Correction,0,0,unknown,1.0,0,2.2,CONCORDANT_NS,0.0,0.0,10.0,Low_Risk,-0.11,no_extraction,0.16666666666666666,0.0,0,0,73.8,60.0,100.0,76.0,90.0,16.7,100,B
CD013773,7,ratio,65.28,Fragile,0.6527777777777778,Bias Correction,0,100,Clean,0.5874,1,1.31,CONCORDANT_SIG,0.0,0.0,0.0,Low_Risk,-1.43,no_extraction,0.2222222222222222,0.0,0.04,1,78.9,65.3,100.0,93.8,100.0,22.2,92.0,B
CD013774,3,ratio,28.57,Unstable,0.2857142857142857,CI Method,0,0,unknown,1.0,0,12.73,FALSE_REASSURANCE,97.2,0.1671,30.0,Moderate_Risk,0.0,no_extraction,0.0,0.0,0,0,49.8,28.6,100.0,0,70.0,0.0,100,C
CD013781,14,ratio,55.45,Fragile,0.5544973544973545,Bias Correction,2,50,Confirmed,0.0518,4,1.41,FALSE_REASSURANCE,4.2,0.02,0.0,Low_Risk,-0.62,insufficient,0.26666666666666666,0.16666666666666666,0.0061,1,74.6,55.5,75.0,91.8,100.0,26.7,98.8,B
CD013789,38,difference,87.42,Moderate,0.11721611721611722,Bias Correction,0,100,Suspected,0.7653,3,3.85,CONCORDANT_NS,41.9,0.0837,40.0,Moderate_Risk,2.35,no_extraction,0.0,0.0,0,0,65.1,87.4,100.0,43.0,60.0,0.0,100,B
CD013800,48,ratio,62.55,Fragile,0.6268221574344023,Bias Correction,0,100,Suspected,0.5417,0,6.13,FALSE_REASSURANCE,98.8,0.107,65.0,High_Risk,1.95,no_extraction,0.1875,0.0,0.027,2,51.8,62.5,100.0,0,35.0,18.8,94.6,C
CD013816,4,ratio,60.0,Fragile,0.06666666666666667,Leave-One-Out,0,0,unknown,1.0,0,2.2,CONCORDANT_NS,0.0,0.0,0.0,Low_Risk,-0.13,insufficient,0.1111111111111111,0.0,0,0,74.5,60.0,100.0,76.0,100.0,11.1,100,B
CD013821,22,ratio,75.43,Moderate,0.22567287784679088,Estimator,0,100,Clean,0.8108,1,4.38,CONCORDANT_NS,91.0,0.2492,80.0,High_Risk,4.6,no_extraction,0.13636363636363635,0.0,0.0256,1,56.1,75.4,100.0,32.4,20.0,13.6,94.9,C
CD013822,15,ratio,52.18,Fragile,0.5218253968253969,Bias Correction,2,75,Confirmed,0.0005,2,3.53,FALSE_REASSURANCE,94.5,0.0291,70.0,High_Risk,-1.77,insufficient,0.4642857142857143,0.15384615384615385,0.0202,4,58.2,52.2,75.0,49.4,30.0,46.4,96.0,C
CD013827,14,ratio,71.11,Moderate,0.0,Bias Correction,0,50,Discordant,0.3775,1,1.91,CONCORDANT_NS,14.4,0.0834,0.0,Low_Risk,-0.7,no_extraction,0.5555555555555556,0.0,0.0476,2,83.2,71.1,100.0,81.8,100.0,55.6,90.5,A
CD013830,7,ratio,98.81,Robust,0.011904761904761904,Leave-One-Out,0,100,Suspected,0.4283,1,1.31,CONCORDANT_NS,0.0,0.0,10.0,Low_Risk,-0.7,no_extraction,0.1111111111111111,0.0,0,0,82.3,98.8,100.0,93.8,90.0,11.1,100,A
CD013834,8,difference,62.96,Fragile,0.0,Leave-One-Out,0,100,Suspected,0.9636,0,3.0,CONCORDANT_NS,61.2,0.2173,30.0,Moderate_Risk,1.76,no_extraction,0.0,0.0,0.0065,1,65.3,63.0,100.0,60.0,70.0,0.0,98.7,B
CD013844,9,ratio,71.11,Moderate,0.022222222222222223,Bias Correction,0,50,Discordant,0.5663,0,1.21,CONCORDANT_NS,0.0,0.0,0.0,Low_Risk,-0.59,insufficient,0.2222222222222222,0.16666666666666666,0.0256,1,80.7,71.1,100.0,95.8,100.0,22.2,94.9,A
CD013874,4,ratio,93.33,Robust,0.0,Bias Correction,0,0,unknown,1.0,0,2.2,CONCORDANT_NS,0.0,0.0,0.0,Low_Risk,-0.16,no_extraction,0.1111111111111111,0.0,0.0455,2,78.6,93.3,100.0,76.0,100.0,11.1,90.9,B
CD013875,9,ratio,66.67,Fragile,0.6666666666666666,Bias Correction,0,100,Suspected,0.4547,0,2.13,FALSE_REASSURANCE,24.0,0.0833,0.0,Low_Risk,-0.09,no_extraction,0.25,0.0,0,0,78.2,66.7,100.0,77.4,100.0,25.0,100,B
CD014040,14,ratio,45.71,Unstable,0.45714285714285713,Bias Correction,1,100,Confirmed,0.1709,0,3.45,FALSE_REASSURANCE,76.5,0.0135,60.0,High_Risk,0.2,no_extraction,0.07142857142857142,0.0,0,0,55.2,45.7,87.5,51.0,40.0,7.1,100,C
CD014089,6,ratio,16.33,Unstable,0.16326530612244897,CI Method,0,100,Clean,0.906,0,1.42,FALSE_REASSURANCE,0.0,0.0,0.0,Low_Risk,-0.83,no_extraction,0.0,0.0,0.0175,1,67.4,16.3,100.0,91.6,100.0,0.0,96.5,B
CD014145,6,ratio,91.61,Robust,0.009070294784580499,Leave-One-Out,0,100,Suspected,0.7693,0,2.17,CONCORDANT_NS,22.0,0.2127,0.0,Low_Risk,-0.38,no_extraction,0.0,0.0,0,0,78.0,91.6,100.0,76.6,100.0,0.0,100,B
CD014300,9,ratio,80.16,Moderate,0.07936507936507936,Bias Correction,0,100,Suspected,0.965,1,3.14,CONCORDANT_NS,83.0,0.2909,90.0,High_Risk,2.5,no_extraction,0.2,0.0,0.0476,5,59.6,80.2,100.0,57.2,10.0,20.0,90.5,C
CD014428,6,difference,93.2,Robust,0.9319727891156463,Leave-One-Out,0,100,Suspected,0.2188,0,3.25,FALSE_REASSURANCE,89.8,36.1601,50.0,High_Risk,-0.93,no_extraction,0.1111111111111111,0.0,0.0455,1,66.7,93.2,100.0,55.0,50.0,11.1,90.9,B
CD014541,5,ratio,49.21,Unstable,0.49206349206349204,Bias Correction,0,100,Suspected,0.6305,1,2.37,FALSE_REASSURANCE,22.6,0.0377,0.0,Low_Risk,-0.54,no_extraction,0.14285714285714285,0.0,0.0185,1,72.1,49.2,100.0,72.6,100.0,14.3,96.3,B
CD014544,12,ratio,41.39,Unstable,0.0,Estimator,0,50,Clean,0.8703,0,2.16,CONCORDANT_NS,26.6,0.0768,10.0,Low_Risk,-0.3,no_extraction,0.0,0.0,0,0,68.0,41.4,100.0,76.8,90.0,0.0,100,B
CD014585,12,ratio,30.77,Unstable,0.46153846153846156,Estimator,1,100,Confirmed,0.1693,2,2.74,CONCORDANT_NS,71.5,0.0188,65.0,High_Risk,2.81,no_extraction,0.08108108108108109,0.0,0,0,54.4,30.8,87.5,65.2,35.0,8.1,100,C
CD014594,7,ratio,95.83,Robust,0.9583333333333334,Leave-One-Out,0,100,Clean,0.4203,0,3.06,CONCORDANT_SIG,69.4,0.0918,15.0,Low_Risk,-0.67,no_extraction,0.0,0.0,0,0,73.3,95.8,100.0,58.8,85.0,0.0,100,B
CD014617,3,ratio,58.33,Fragile,0.0,Leave-One-Out,0,0,unknown,1.0,0,7.42,CONCORDANT_NS,7.5,0.0038,20.0,Low_Risk,-0.23,no_extraction,0.0,0.0,0,0,56.4,58.3,100.0,0,80.0,0.0,100,C
CD014624,38,ratio,66.67,Fragile,0.6666666666666666,Bias Correction,1,100,Confirmed,0.0314,4,1.63,CONCORDANT_SIG,3.9,0.0025,20.0,Low_Risk,-1.69,no_extraction,0.0,0.0,0,0,70.3,66.7,87.5,87.4,80.0,0.0,100,B
CD014666,6,ratio,76.87,Moderate,0.0,Leave-One-Out,0,75,Suspected,0.9625,0,3.03,CONCORDANT_NS,79.5,0.1265,80.0,High_Risk,2.74,no_extraction,0.2222222222222222,0.0,0,0,63.1,76.9,100.0,59.4,20.0,22.2,100,B
CD014678,10,ratio,43.72,Unstable,0.43722943722943725,Estimator,0,100,Suspected,0.418,1,1.94,FALSE_REASSURANCE,18.7,0.0094,10.0,Low_Risk,0.51,no_extraction,0.0,0.0,0,0,69.2,43.7,100.0,81.2,90.0,0.0,100,B
CD014688,4,difference,53.97,Fragile,0.08888888888888889,Bias Correction,0,0,unknown,1.0,0,4.81,CONCORDANT_NS,96.1,0.6906,30.0,Moderate_Risk,-0.55,no_extraction,0.0,0.0,0.0526,1,56.2,54.0,100.0,23.8,70.0,0.0,89.5,C
CD014713,5,ratio,56.35,Fragile,0.0,Bias Correction,0,25,Clean,0.6939,1,2.88,CONCORDANT_NS,48.7,0.068,20.0,Low_Risk,0.87,no_extraction,0.0,0.0,0,0,66.5,56.4,100.0,62.4,80.0,0.0,100,B
CD014722,6,ratio,59.18,Fragile,0.5918367346938775,Bias Correction,0,100,Suspected,0.4204,0,2.14,FALSE_REASSURANCE,21.1,0.0225,10.0,Low_Risk,-0.04,no_extraction,0.475,0.0,0.0476,5,77.4,59.2,100.0,77.2,90.0,47.5,90.5,B
CD014736,4,ratio,93.33,Robust,0.0,Leave-One-Out,0,0,unknown,1.0,0,2.2,CONCORDANT_NS,0.0,0.0,0.0,Low_Risk,-0.12,no_extraction,0.5,0.0,0,0,86.6,93.3,100.0,76.0,100.0,50.0,100,A
CD014741,13,ratio,25.85,Unstable,0.2585034013605442,Bias Correction,1,100,Confirmed,0.1309,2,2.54,FALSE_REASSURANCE,42.4,0.01,20.0,Low_Risk,-0.28,insufficient,0.27586206896551724,0.0,0.0385,3,63.7,25.9,87.5,69.2,80.0,27.6,92.3,B
CD014758,22,difference,68.12,Fragile,0.6811594202898551,Bias Correction,0,100,Suspected,0.3806,0,3.76,FALSE_REASSURANCE,60.3,0.0116,35.0,Moderate_Risk,0.04,no_extraction,0.24528301886792453,0.0,0.0189,2,66.4,68.1,100.0,44.8,65.0,24.5,96.2,B
CD014762,7,ratio,86.31,Moderate,0.0,Bias Correction,0,100,Suspected,0.7263,1,2.41,CONCORDANT_NS,46.4,0.0258,20.0,Low_Risk,0.48,no_extraction,0.2857142857142857,0.0,0,0,77.8,86.3,100.0,71.8,80.0,28.6,100,B
CD014763,9,ratio,66.67,Fragile,0.6666666666666666,Bias Correction,2,50,Confirmed,0.0165,3,1.21,CONCORDANT_SIG,0.0,0.0,30.0,Moderate_Risk,3.28,no_extraction,0.13333333333333333,0.0,0.0161,1,69.6,66.7,75.0,95.8,70.0,13.3,96.8,B
CD014769,27,ratio,54.99,Fragile,0.5498866213151927,Bias Correction,0,100,Clean,0.8709,2,1.55,FALSE_REASSURANCE,4.4,0.0053,35.0,Moderate_Risk,1.29,insufficient,0.1111111111111111,0.3333333333333333,0.0143,1,69.5,55.0,100.0,89.0,65.0,11.1,97.1,B
CD014792,11,ratio,100.0,Robust,0.0,Estimator,0,100,Suspected,0.6602,0,1.15,CONCORDANT_NS,0.0,0.0,0.0,Low_Risk,-0.68,no_extraction,0.15,0.0,0,0,85.3,100.0,100.0,97.0,100.0,15.0,100,A
CD014803,5,ratio,55.56,Fragile,0.0,Leave-One-Out,0,75,Suspected,0.8663,1,1.62,CONCORDANT_NS,0.0,0.0,0.0,Low_Risk,-0.15,no_extraction,0.4,0.0,0,0,80.5,55.6,100.0,87.6,100.0,40.0,100,A
CD014811,4,ratio,93.33,Robust,0.0,Leave-One-Out,0,0,unknown,1.0,0,2.44,CONCORDANT_NS,3.9,0.0253,0.0,Low_Risk,-0.41,insufficient,0.75,0.0,0.0052,1,89.7,93.3,100.0,71.2,100.0,75.0,99.0,A
CD014820,17,ratio,57.67,Fragile,0.0,Bias Correction,1,50,Confirmed,0.5537,3,2.06,CONCORDANT_NS,18.1,0.0106,45.0,Moderate_Risk,1.44,no_extraction,0.05785123966942149,0.0,0.0182,1,63.5,57.7,87.5,78.8,55.0,5.8,96.4,B
CD014833,5,ratio,66.14,Fragile,0.06084656084656084,Bias Correction,0,50,Discordant,0.2236,1,3.09,CONCORDANT_NS,59.8,0.0399,25.0,Moderate_Risk,-0.62,no_extraction,0.2,0.0,0.0333,1,68.8,66.1,100.0,58.2,75.0,20.0,93.3,B
CD014844,6,ratio,62.13,Fragile,0.031746031746031744,Bias Correction,1,50,Confirmed,0.3326,1,2.62,CONCORDANT_NS,48.2,0.1509,10.0,Low_Risk,0.41,no_extraction,0.0,0.0,0,0,67.9,62.1,87.5,67.6,90.0,0.0,100,B
CD014845,20,difference,64.4,Fragile,0.6439909297052154,Bias Correction,2,100,Confirmed,0.0173,5,1.88,CONCORDANT_SIG,11.6,0.0004,50.0,High_Risk,2.03,no_extraction,0.2,0.0,0,0,65.3,64.4,75.0,82.4,50.0,20.0,100,B
CD014852,4,ratio,65.4,Fragile,0.012698412698412698,Bias Correction,0,0,unknown,1.0,0,4.19,CONCORDANT_NS,70.9,0.3734,15.0,Low_Risk,-0.46,no_extraction,0.2,0.0,0.0256,1,66.9,65.4,100.0,36.2,85.0,20.0,94.9,B
CD014855,7,ratio,86.31,Moderate,0.0,Leave-One-Out,0,100,Suspected,0.714,0,2.74,CONCORDANT_NS,51.2,0.3961,15.0,Low_Risk,0.77,no_extraction,0.0,0.0,0,0,72.8,86.3,100.0,65.2,85.0,0.0,100,B
CD014861,4,ratio,43.17,Unstable,0.044444444444444446,Bias Correction,0,0,unknown,1.0,0,3.92,CONCORDANT_NS,55.6,0.0299,15.0,Low_Risk,-0.38,no_extraction,1.0,0.0,0,0,78.3,43.2,100.0,41.6,85.0,100.0,100,B
CD014869,8,ratio,83.6,Moderate,0.0,Bias Correction,0,100,Suspected,0.6591,0,2.26,CONCORDANT_NS,44.0,0.0027,45.0,Moderate_Risk,1.66,no_extraction,0.0,0.0,0,0,68.9,83.6,100.0,74.8,55.0,0.0,100,B
CD014871,8,difference,65.96,Fragile,0.6596119929453262,Bias Correction,0,100,Clean,0.9334,0,2.9,FALSE_REASSURANCE,56.8,0.0072,15.0,Low_Risk,0.62,no_extraction,0.0,0.0,0,0,68.8,66.0,100.0,62.0,85.0,0.0,100,B
CD014872,13,ratio,69.05,Fragile,0.6904761904761905,Bias Correction,0,100,Clean,0.5029,1,2.71,CONCORDANT_SIG,39.3,0.0816,0.0,Low_Risk,-0.15,insufficient,0.0625,1.0,0.0182,1,72.9,69.0,100.0,65.8,100.0,6.2,96.4,B
CD014889,5,ratio,37.04,Unstable,0.37037037037037035,Bias Correction,0,100,Suspected,0.625,1,1.62,FALSE_REASSURANCE,0.0,0.0,0.0,Low_Risk,-0.27,no_extraction,0.16666666666666666,0.0,0,0,73.6,37.0,100.0,87.6,100.0,16.7,100,B
CD014914,16,ratio,65.55,Fragile,0.6554621848739496,Bias Correction,2,100,Confirmed,0.0105,2,2.73,FALSE_REASSURANCE,44.2,0.0292,20.0,Low_Risk,-0.41,no_extraction,0.041666666666666664,0.0,0,0,65.0,65.5,75.0,65.4,80.0,4.2,100,B
CD014923,3,ratio,30.56,Unstable,0.3055555555555556,CI Method,0,0,unknown,1.0,0,9.72,FALSE_REASSURANCE,41.8,0.5174,0.0,Low_Risk,-0.85,no_extraction,0.3333333333333333,0.0,0,0,60.6,30.6,100.0,0,100.0,33.3,100,B
CD014932,7,difference,88.29,Moderate,0.11706349206349206,Estimator,0,100,Suspected,0.7725,1,3.04,CONCORDANT_NS,69.7,1.9648,25.0,Moderate_Risk,0.3,no_extraction,0.0,0.0,0,0,70.4,88.3,100.0,59.2,75.0,0.0,100,B
CD014935,3,ratio,75.0,Moderate,0.0,Leave-One-Out,0,0,unknown,1.0,0,6.48,CONCORDANT_NS,0.0,0.0,0.0,Low_Risk,-0.08,no_extraction,0.0,0.0,0,0,62.5,75.0,100.0,0,100.0,0.0,100,B
CD014937,66,ratio,65.25,Fragile,0.652452025586354,Bias Correction,2,100,Confirmed,0.0027,0,5.35,FALSE_REASSURANCE,70.2,0.0991,65.0,High_Risk,16.37,insufficient,0.16666666666666666,0.3333333333333333,0.0137,1,50.4,65.2,75.0,13.0,35.0,16.7,97.3,C
CD014941,4,ratio,73.33,Moderate,0.7333333333333333,Bias Correction,0,0,unknown,1.0,0,2.32,CONCORDANT_SIG,2.9,0.0012,0.0,Low_Risk,0.13,major_discrepancy,0.75,0.6666666666666666,0,0,87.0,73.3,100.0,73.6,100.0,75.0,100,A
CD014944,3,ratio,48.81,Unstable,0.08333333333333333,Leave-One-Out,0,0,unknown,1.0,0,11.02,CONCORDANT_NS,65.5,0.1043,15.0,Low_Risk,0.87,no_extraction,0.6666666666666666,0.0,0,0,66.7,48.8,100.0,0,85.0,66.7,100,B
CD014959,5,ratio,51.85,Fragile,0.005291005291005291,Bias Correction,0,50,Discordant,0.1044,1,3.26,CONCORDANT_NS,78.0,0.4749,50.0,High_Risk,0.17,no_extraction,0.0,0.0,0,0,59.4,51.9,100.0,54.8,50.0,0.0,100,C
CD014960,3,ratio,75.0,Moderate,0.0,Leave-One-Out,0,0,unknown,1.0,0,7.69,CONCORDANT_NS,7.7,0.0817,0.0,Low_Risk,-0.3,no_extraction,0.0,0.0,0,0,62.5,75.0,100.0,0,100.0,0.0,100,B
CD014964,54,ratio,66.67,Fragile,0.6666666666666666,Bias Correction,3,50,Confirmed,0.0,7,5.93,FALSE_REASSURANCE,74.5,0.0461,65.0,High_Risk,3.43,no_extraction,0.0,0.0,0.0126,2,43.8,66.7,62.5,1.4,35.0,0.0,97.5,C
CD014965,8,ratio,81.48,Moderate,0.8148148148148148,Bias Correction,0,100,Clean,0.8606,0,1.25,CONCORDANT_SIG,0.0,0.0,0.0,Low_Risk,0.31,no_extraction,0.21428571428571427,0.0,0.0902,12,80.0,81.5,100.0,95.0,100.0,21.4,82.0,A
CD014966,28,ratio,75.59,Moderate,0.2441160372194855,Estimator,2,100,Confirmed,0.8622,4,4.38,CONCORDANT_NS,91.1,0.0386,90.0,High_Risk,7.81,no_extraction,0.39285714285714285,0.0,0.0189,1,54.7,75.6,75.0,32.4,10.0,39.3,96.2,C
CD014967,5,ratio,100.0,Robust,0.0,Estimator,0,100,Suspected,0.4401,1,1.62,CONCORDANT_NS,0.0,0.0,0.0,Low_Risk,-0.4,no_extraction,0.17647058823529413,0.0,0,0,84.2,100.0,100.0,87.6,100.0,17.6,100,A
CD015003,10,ratio,5.77,Unstable,0.05772005772005772,Leave-One-Out,1,50,Confirmed,0.0175,3,2.24,FALSE_REASSURANCE,33.4,0.2923,10.0,Low_Risk,-1.88,no_extraction,0.0,0.0,0,0,59.7,5.8,87.5,75.2,90.0,0.0,100,C
CD015014,24,ratio,37.33,Unstable,0.0,Bias Correction,2,50,Confirmed,0.0743,5,1.06,CONCORDANT_NS,0.0,0.0,20.0,Low_Risk,-0.76,no_extraction,0.041666666666666664,0.0,0.0273,3,65.0,37.3,75.0,98.8,80.0,4.2,94.5,B
CD015033,4,ratio,10.16,Unstable,0.10158730158730159,CI Method,0,0,unknown,1.0,0,2.73,FALSE_REASSURANCE,12.9,0.0047,15.0,Low_Risk,1.14,no_extraction,0.18181818181818182,0.0,0,0,63.1,10.2,100.0,65.4,85.0,18.2,100,B
CD015038,9,ratio,56.98,Fragile,0.5698412698412698,Bias Correction,1,100,Confirmed,0.2764,0,1.9,FALSE_REASSURANCE,16.5,0.3964,0.0,Low_Risk,0.5,no_extraction,0.14285714285714285,0.0,0.025,1,72.6,57.0,87.5,82.0,100.0,14.3,95.0,B
CD015040,7,difference,52.58,Fragile,0.051587301587301584,Bias Correction,1,50,Confirmed,0.0303,0,2.88,CONCORDANT_NS,62.8,0.2603,15.0,Low_Risk,-0.58,no_extraction,0.2857142857142857,0.0,0,0,69.3,52.6,87.5,62.4,85.0,28.6,100,B
CD015042,7,ratio,70.83,Moderate,0.0,Bias Correction,0,50,Discordant,0.1187,2,1.31,CONCORDANT_NS,0.0,0.0,10.0,Low_Risk,-0.37,no_extraction,0.0,0.0,0,0,75.8,70.8,100.0,93.8,90.0,0.0,100,B
CD015064,4,ratio,63.49,Fragile,0.031746031746031744,Bias Correction,0,0,unknown,1.0,0,4.42,CONCORDANT_NS,81.0,0.1755,30.0,Moderate_Risk,-1.12,no_extraction,0.0,0.0,0,0,60.8,63.5,100.0,31.6,70.0,0.0,100,B
CD015083,67,difference,93.28,Robust,0.9327731092436975,Bias Correction,0,100,Suspected,0.2275,0,5.99,FALSE_REASSURANCE,59.4,0.0303,55.0,High_Risk,7.66,no_extraction,0.248,0.016129032258064516,0,0,60.5,93.3,100.0,0.2,45.0,24.8,100,B
CD015087,7,ratio,84.13,Moderate,0.07539682539682539,Leave-One-Out,0,100,Suspected,0.3814,0,2.35,CONCORDANT_NS,37.9,0.0917,20.0,Low_Risk,-0.27,no_extraction,0.0,0.0,0.0244,1,72.0,84.1,100.0,73.0,80.0,0.0,95.1,B
CD015120,5,ratio,94.44,Robust,0.0,Leave-One-Out,2,100,Confirmed,0.0421,2,1.62,CONCORDANT_NS,0.0,0.0,0.0,Low_Risk,-0.16,no_extraction,0.3870967741935484,0.0,0.0625,6,80.5,94.4,75.0,87.6,100.0,38.7,87.5,A
CD015122,9,ratio,46.83,Unstable,0.46825396825396826,Bias Correction,1,50,Confirmed,0.0285,2,2.18,FALSE_REASSURANCE,26.1,0.1527,0.0,Low_Risk,0.94,no_extraction,0.0,0.0,0.0323,1,67.4,46.8,87.5,76.4,100.0,0.0,93.5,B
CD015124,8,ratio,96.3,Robust,0.9629629629629629,Leave-One-Out,0,100,Suspected,0.1867,1,1.25,CONCORDANT_SIG,0.0,0.0,0.0,Low_Risk,-0.78,no_extraction,0.48,0.0,0,0,89.9,96.3,100.0,95.0,100.0,48.0,100,A
CD015134,6,ratio,82.77,Moderate,0.17233560090702948,Leave-One-Out,0,100,Clean,0.8153,0,2.02,CONCORDANT_NS,17.3,0.0067,20.0,Low_Risk,0.12,no_extraction,0.3333333333333333,0.0,0.1765,3,73.4,82.8,100.0,79.6,80.0,33.3,64.7,B
CD015140,5,ratio,66.67,Fragile,0.0,Bias Correction,0,50,Discordant,0.828,1,3.02,CONCORDANT_NS,55.3,0.0904,25.0,Moderate_Risk,0.73,no_extraction,0.0,0.0,0,0,66.9,66.7,100.0,59.6,75.0,0.0,100,B
CD015145,3,ratio,88.89,Moderate,0.1111111111111111,CI Method,0,0,unknown,1.0,0,6.48,CONCORDANT_NS,0.0,0.0,0.0,Low_Risk,-0.53,no_extraction,0.2857142857142857,0.0,0.02,1,68.9,88.9,100.0,0,100.0,28.6,96.0,B
CD015160,4,ratio,15.56,Unstable,0.2222222222222222,Leave-One-Out,0,0,unknown,1.0,0,2.2,FALSE_REASSURANCE,0.0,0.0,0.0,Low_Risk,-0.71,no_extraction,0.0,0.0,0.037,1,64.0,15.6,100.0,76.0,100.0,0.0,92.6,B
CD015192,6,ratio,80.95,Moderate,0.0,Leave-One-Out,0,100,Suspected,0.8267,0,2.17,CONCORDANT_NS,22.5,0.3275,0.0,Low_Risk,-0.23,no_extraction,0.0,0.0,0,0,76.3,81.0,100.0,76.6,100.0,0.0,100,B
CD015213,12,ratio,66.67,Fragile,0.6666666666666666,Bias Correction,0,100,Clean,0.9239,1,1.14,CONCORDANT_SIG,0.0,0.0,0.0,Low_Risk,-1.67,no_extraction,0.17647058823529413,0.0,0,0,80.3,66.7,100.0,97.2,100.0,17.6,100,A
CD015215,3,ratio,100.0,Robust,0.0,Estimator,0,0,unknown,1.0,0,6.48,CONCORDANT_NS,0.0,0.0,10.0,Low_Risk,-0.24,no_extraction,0.0,0.0,0.125,3,60.8,100.0,100.0,0,90.0,0.0,75.0,B
CD015219,18,ratio,37.59,Unstable,0.37593984962406013,Bias Correction,0,50,Discordant,0.1616,0,3.44,FALSE_REASSURANCE,63.8,0.0844,35.0,Moderate_Risk,0.49,no_extraction,0.5128205128205128,0.0,0.0062,1,67.3,37.6,100.0,51.2,65.0,51.3,98.8,B
CD015229,9,difference,100.0,Robust,1.0,Estimator,1,100,Clean,0.0673,2,2.32,CONCORDANT_SIG,39.2,133.9189,20.0,Low_Risk,-2.39,no_extraction,0.0,0.0,0.0294,1,72.5,100.0,87.5,73.6,80.0,0.0,94.1,B
CD015252,7,ratio,31.55,Unstable,0.31547619047619047,Bias Correction,2,100,Confirmed,0.0208,3,1.31,CONCORDANT_SIG,0.0,0.0,10.0,Low_Risk,-1.05,no_extraction,0.0,0.0,0.125,3,60.9,31.6,75.0,93.8,90.0,0.0,75.0,B
CD015254,10,ratio,31.6,Unstable,0.31601731601731603,Estimator,0,100,Suspected,0.4914,0,2.98,FALSE_REASSURANCE,63.5,0.0129,65.0,High_Risk,2.58,no_extraction,0.0,0.0,0.1111,4,50.8,31.6,100.0,60.4,35.0,0.0,77.8,C
CD015255,7,ratio,8.53,Unstable,0.08531746031746032,Leave-One-Out,2,50,Confirmed,0.0195,1,3.12,FALSE_REASSURANCE,81.5,0.0806,50.0,High_Risk,-0.04,no_extraction,0.0,0.0,0.1111,4,44.8,8.5,75.0,57.6,50.0,0.0,77.8,C
CD015284,5,ratio,23.54,Unstable,0.23544973544973544,Leave-One-Out,0,50,Discordant,0.2242,1,3.31,FALSE_REASSURANCE,70.8,0.1602,15.0,Low_Risk,0.41,no_extraction,0.1,0.0,0.0256,1,61.2,23.5,100.0,53.8,85.0,10.0,94.9,B
CD015314,21,ratio,66.67,Fragile,0.6666666666666666,Bias Correction,3,100,Confirmed,0.0046,3,3.64,FALSE_REASSURANCE,68.1,0.1108,35.0,Moderate_Risk,0.01,insufficient,0.39285714285714285,0.18181818181818182,0,0,63.4,66.7,62.5,47.2,65.0,39.3,100,B
CD015326,16,difference,66.67,Fragile,0.6666666666666666,Bias Correction,0,100,Suspected,0.4918,1,2.07,FALSE_REASSURANCE,17.9,0.0009,10.0,Low_Risk,0.61,no_extraction,0.25,0.0,0.0316,3,75.7,66.7,100.0,78.6,90.0,25.0,93.7,B
CD015328,27,difference,22.05,Unstable,0.2205215419501134,Estimator,0,100,Suspected,0.1396,1,3.84,FALSE_REASSURANCE,71.9,0.0307,65.0,High_Risk,3.36,no_extraction,0.3076923076923077,0.0,0.0095,2,54.9,22.1,100.0,43.2,35.0,30.8,98.1,C
CD015330,11,difference,72.22,Moderate,0.0,Bias Correction,0,50,Discordant,0.5279,1,1.15,CONCORDANT_NS,0.0,0.0,20.0,Low_Risk,0.61,no_extraction,0.3333333333333333,0.0,0,0,80.4,72.2,100.0,97.0,80.0,33.3,100,A
CD015331,48,ratio,75.51,Moderate,0.7551020408163265,Bias Correction,0,100,Clean,0.6217,0,1.03,CONCORDANT_SIG,0.0,0.0,20.0,Low_Risk,0.07,no_extraction,0.0196078431372549,0.0,0.0112,1,75.8,75.5,100.0,99.4,80.0,2.0,97.8,B
CD015332,5,ratio,94.44,Robust,0.05555555555555555,Leave-One-Out,0,100,Clean,0.6862,0,1.62,CONCORDANT_NS,0.0,0.0,10.0,Low_Risk,-0.36,no_extraction,0.0,0.0,0,0,78.7,94.4,100.0,87.6,90.0,0.0,100,B
CD015350,9,ratio,91.43,Robust,0.0380952380952381,Leave-One-Out,0,100,Clean,0.9268,0,2.84,CONCORDANT_NS,58.4,0.6689,50.0,High_Risk,1.22,no_extraction,0.058823529411764705,0.0,0.0128,1,68.0,91.4,100.0,63.2,50.0,5.9,97.4,B
CD015373,5,ratio,71.43,Moderate,0.0,Leave-One-Out,0,100,Suspected,0.6619,0,2.02,CONCORDANT_NS,10.9,0.197,0.0,Low_Risk,-0.19,no_extraction,0.0,0.0,0,0,75.2,71.4,100.0,79.6,100.0,0.0,100,B
CD015383,5,difference,51.85,Fragile,0.5185185185185185,Bias Correction,0,100,Suspected,0.6572,0,1.62,CONCORDANT_SIG,0.0,0.0,0.0,Low_Risk,0.19,no_extraction,0.6666666666666666,0.0,0,0,84.4,51.9,100.0,87.6,100.0,66.7,100,A
CD015387,21,ratio,66.67,Fragile,0.6666666666666666,Bias Correction,2,100,Confirmed,0.0487,4,1.98,CONCORDANT_SIG,12.6,0.0076,35.0,Moderate_Risk,1.33,no_extraction,0.047619047619047616,0.0,0.0127,1,64.9,66.7,75.0,80.4,65.0,4.8,97.5,B
CD015395,4,ratio,77.78,Moderate,0.7777777777777778,Bias Correction,0,0,unknown,1.0,0,2.2,CONCORDANT_SIG,0.0,0.0,0.0,Low_Risk,-0.74,no_extraction,0.0,0.0,0,0,75.6,77.8,100.0,76.0,100.0,0.0,100,B
CD015432,8,ratio,51.85,Fragile,0.003527336860670194,Bias Correction,0,50,Discordant,0.1709,0,2.92,CONCORDANT_NS,75.0,0.1459,75.0,High_Risk,2.26,no_extraction,0.07692307692307693,0.0,0,0,57.7,51.9,100.0,61.6,25.0,7.7,100,C
CD015443,19,ratio,68.33,Fragile,0.6833333333333333,Bias Correction,0,100,Clean,0.498,3,3.2,FALSE_REASSURANCE,51.4,0.2037,40.0,Moderate_Risk,1.95,no_extraction,0.05263157894736842,0.0,0.1491,17,60.0,68.3,100.0,56.0,60.0,5.3,70.2,B
CD015448,7,difference,68.85,Fragile,0.01984126984126984,Bias Correction,1,50,Confirmed,0.0851,1,2.27,CONCORDANT_NS,29.9,2.8437,20.0,Low_Risk,-1.38,no_extraction,0.15384615384615385,0.0,0.0556,1,69.2,68.8,87.5,74.6,80.0,15.4,88.9,B
CD015476,15,ratio,68.55,Fragile,0.685515873015873,Bias Correction,2,100,Confirmed,0.4264,2,3.31,FALSE_REASSURANCE,64.0,0.012,65.0,High_Risk,2.41,no_extraction,0.06666666666666667,0.0,0.0156,1,56.0,68.5,75.0,53.8,35.0,6.7,96.9,C
CD015514,3,ratio,75.0,Moderate,0.0,Leave-One-Out,0,0,unknown,1.0,0,9.43,CONCORDANT_NS,36.8,0.1234,0.0,Low_Risk,0.65,no_extraction,0.0,0.0,0,0,62.5,75.0,100.0,0,100.0,0.0,100,B
CD015518,12,difference,66.67,Fragile,0.6666666666666666,Bias Correction,0,100,Suspected,0.7313,3,3.57,FALSE_REASSURANCE,77.1,0.1556,30.0,Moderate_Risk,-3.19,no_extraction,0.12087912087912088,0.0,0.15,3,61.2,66.7,100.0,48.6,70.0,12.1,70.0,B
CD015520,5,difference,42.59,Unstable,0.42592592592592593,Leave-One-Out,0,100,Suspected,0.5169,1,1.62,FALSE_REASSURANCE,0.0,0.0,0.0,Low_Risk,-0.35,no_extraction,0.25,0.0,0.0385,1,74.6,42.6,100.0,87.6,100.0,25.0,92.3,B
CD015524,4,ratio,93.33,Robust,0.0,Leave-One-Out,0,0,unknown,1.0,0,2.2,CONCORDANT_NS,0.0,0.0,0.0,Low_Risk,-0.38,no_extraction,0.3333333333333333,0.0,0.027,1,82.9,93.3,100.0,76.0,100.0,33.3,94.6,A
CD015532,11,ratio,66.8,Fragile,0.08597883597883597,Leave-One-Out,1,75,Confirmed,0.0548,1,2.87,CONCORDANT_NS,52.6,0.1123,45.0,Moderate_Risk,2.71,no_extraction,0.16666666666666666,0.0,0.0064,1,64.5,66.8,87.5,62.6,55.0,16.7,98.7,B
CD015536,10,ratio,82.54,Moderate,0.023088023088023088,Bias Correction,0,100,Suspected,0.7595,0,2.62,CONCORDANT_NS,44.5,0.4929,15.0,Low_Risk,1.22,no_extraction,0.13333333333333333,0.0,0.0435,1,73.3,82.5,100.0,67.6,85.0,13.3,91.3,B
CD015551,3,ratio,75.0,Moderate,0.0,Leave-One-Out,0,0,unknown,1.0,0,6.48,CONCORDANT_NS,0.0,0.0,10.0,Low_Risk,-0.24,no_extraction,0.3333333333333333,0.0,0.1667,2,60.8,75.0,100.0,0,90.0,33.3,66.7,B
CD015573,4,ratio,66.67,Fragile,0.0,Bias Correction,0,0,unknown,1.0,0,2.2,CONCORDANT_NS,0.0,0.0,0.0,Low_Risk,-0.56,no_extraction,0.0,0.0,0,0,73.8,66.7,100.0,76.0,100.0,0.0,100,B
CD015584,13,ratio,66.67,Fragile,0.0,Bias Correction,2,50,Confirmed,0.0276,0,2.66,CONCORDANT_NS,42.0,0.0006,50.0,High_Risk,2.24,no_extraction,0.0,0.0,0,0,59.7,66.7,75.0,66.8,50.0,0.0,100,C
CD015588,16,ratio,68.63,Fragile,0.6862745098039216,Bias Correction,0,100,Clean,0.7089,1,2.14,FALSE_REASSURANCE,21.2,0.0065,20.0,Low_Risk,-0.85,insufficient,0.16666666666666666,0.2,0,0,73.7,68.6,100.0,77.2,80.0,16.7,100,B
CD015636,5,ratio,77.78,Moderate,0.7777777777777778,Bias Correction,0,100,Clean,0.9528,1,1.62,CONCORDANT_SIG,0.0,0.0,0.0,Low_Risk,0.7,minor_discrepancy,1.0,0.0,0,0,94.2,77.8,100.0,87.6,100.0,100.0,100,A
CD015673,14,ratio,91.85,Robust,0.08148148148148149,Leave-One-Out,0,100,Suspected,0.5471,0,1.11,CONCORDANT_NS,0.0,0.0,20.0,Low_Risk,-0.97,no_extraction,0.2,0.0,0.0194,2,81.0,91.8,100.0,97.8,80.0,20.0,96.1,A
CD015698,3,ratio,100.0,Robust,0.0,Estimator,0,0,unknown,1.0,0,6.48,CONCORDANT_NS,0.0,0.0,0.0,Low_Risk,-0.19,no_extraction,0.3333333333333333,0.0,0.027,1,71.3,100.0,100.0,0,100.0,33.3,94.6,B
CD015721,6,ratio,41.5,Unstable,0.0,Leave-One-Out,0,50,Discordant,0.3412,0,2.33,CONCORDANT_NS,27.6,0.0019,10.0,Low_Risk,-0.34,no_extraction,0.0,0.0,0,0,67.5,41.5,100.0,73.4,90.0,0.0,100,B
CD015746,6,ratio,71.43,Moderate,0.7142857142857143,Bias Correction,0,100,Suspected,0.366,1,3.01,CONCORDANT_SIG,66.6,0.191,25.0,Moderate_Risk,0.87,no_extraction,0.7272727272727273,0.0,0.0067,1,79.6,71.4,100.0,59.8,75.0,72.7,98.7,B
CD015749,3,ratio,75.0,Moderate,0.0,Leave-One-Out,0,0,unknown,1.0,0,9.83,CONCORDANT_NS,43.3,0.1562,0.0,Low_Risk,-0.15,no_extraction,0.2631578947368421,0.2,0,0,66.9,75.0,100.0,0,100.0,26.3,100,B
CD015751,3,ratio,100.0,Robust,0.0,Estimator,0,0,unknown,1.0,0,6.48,CONCORDANT_NS,0.0,0.0,0.0,Low_Risk,-0.18,no_extraction,0.0,0.0,0,0,66.7,100.0,100.0,0,100.0,0.0,100,B
CD015779,6,ratio,60.32,Fragile,0.6031746031746031,Bias Correction,1,100,Confirmed,0.0831,1,1.42,CONCORDANT_SIG,0.0,0.0,0.0,Low_Risk,-0.44,no_extraction,0.0,0.0,0,0,73.2,60.3,87.5,91.6,100.0,0.0,100,B
CD015786,10,ratio,78.79,Moderate,0.7878787878787878,Bias Correction,1,100,Confirmed,0.1273,0,1.18,CONCORDANT_SIG,0.0,0.0,0.0,Low_Risk,-1.51,no_extraction,0.0,0.0,0,0,77.1,78.8,87.5,96.4,100.0,0.0,100,B
CD015788,8,ratio,15.87,Unstable,0.15873015873015872,Leave-One-Out,1,50,Confirmed,0.0616,0,3.01,FALSE_REASSURANCE,70.4,0.0294,15.0,Low_Risk,0.39,no_extraction,0.5,0.0,0.037,1,65.1,15.9,87.5,59.8,85.0,50.0,92.6,B
CD015804,8,ratio,96.3,Robust,0.0,Leave-One-Out,0,100,Clean,0.9256,1,1.41,CONCORDANT_NS,3.2,0.0003,10.0,Low_Risk,0.59,no_extraction,0.25,0.0,0,0,83.9,96.3,100.0,91.8,90.0,25.0,100,A
CD015820,4,ratio,73.33,Moderate,0.0,Bias Correction,0,0,unknown,1.0,0,2.2,CONCORDANT_NS,0.0,0.0,0.0,Low_Risk,-0.27,insufficient,0.42857142857142855,0.0,0.0556,1,80.2,73.3,100.0,76.0,100.0,42.9,88.9,A
CD015824,5,ratio,67.99,Fragile,0.6798941798941799,Bias Correction,0,100,Clean,0.9871,0,1.62,CONCORDANT_SIG,0.0,0.0,0.0,Low_Risk,0.7,no_extraction,0.3076923076923077,0.5,0,0,81.1,68.0,100.0,87.6,100.0,30.8,100,A
CD015830,4,difference,31.43,Unstable,0.3142857142857143,Bias Correction,0,0,unknown,1.0,0,3.22,FALSE_REASSURANCE,28.0,0.1384,0.0,Low_Risk,0.17,no_extraction,0.25,0.0,0.0167,1,68.1,31.4,100.0,55.6,100.0,25.0,96.7,B
CD015849,7,ratio,45.63,Unstable,0.45634920634920634,Bias Correction,0,100,Clean,0.5326,1,2.04,FALSE_REASSURANCE,22.9,0.0071,20.0,Low_Risk,0.51,no_extraction,0.2,0.0,0.0189,1,70.2,45.6,100.0,79.2,80.0,20.0,96.2,B
CD015854,5,ratio,88.89,Moderate,0.05555555555555555,Bias Correction,0,100,Suspected,0.8335,1,1.62,CONCORDANT_NS,0.0,0.0,0.0,Low_Risk,-0.45,no_extraction,0.0,0.0,0,0,79.4,88.9,100.0,87.6,100.0,0.0,100,B
CD015894,7,difference,66.67,Fragile,0.6666666666666666,Bias Correction,0,100,Clean,0.9506,0,3.0,FALSE_REASSURANCE,62.0,0.1048,15.0,Low_Risk,-0.14,no_extraction,0.2857142857142857,0.0,0,0,73.4,66.7,100.0,60.0,85.0,28.6,100,B
CD015932,10,ratio,58.01,Fragile,0.5800865800865801,Bias Correction,1,100,Suspected,0.712,1,3.31,FALSE_REASSURANCE,94.3,0.0471,65.0,High_Risk,1.49,insufficient,0.06666666666666667,1.0,0,0,56.8,58.0,87.5,53.8,35.0,6.7,100,C
CD015968,3,difference,91.67,Robust,0.0,Leave-One-Out,0,0,unknown,1.0,0,7.71,CONCORDANT_NS,12.9,0.824,0.0,Low_Risk,-0.22,no_extraction,0.4,0.0,0,0,71.9,91.7,100.0,0,100.0,40.0,100,B
CD016031,28,ratio,85.39,Moderate,0.011494252873563218,Bias Correction,0,100,Clean,0.9683,0,1.05,CONCORDANT_NS,0.0,0.0,0.0,Low_Risk,-0.12,no_extraction,0.1935483870967742,0.0,0,0,84.0,85.4,100.0,99.0,100.0,19.4,100,A
CD016064,5,ratio,64.29,Fragile,0.0,Bias Correction,2,50,Confirmed,0.0269,2,1.62,CONCORDANT_NS,0.0,0.0,0.0,Low_Risk,-0.31,insufficient,0.054945054945054944,0.5,0.0286,3,71.1,64.3,75.0,87.6,100.0,5.5,94.3,B
CD016119,16,ratio,83.94,Moderate,0.8394024276377218,Leave-One-Out,0,100,Suspected,0.1768,1,2.57,FALSE_REASSURANCE,33.0,0.0973,10.0,Low_Risk,-0.6,no_extraction,0.10526315789473684,0.0,0.027,1,74.6,83.9,100.0,68.6,90.0,10.5,94.6,B
CD016120,4,ratio,46.67,Unstable,0.01904761904761905,Leave-One-Out,0,0,unknown,1.0,0,4.4,CONCORDANT_NS,85.0,1.0846,40.0,Moderate_Risk,-0.04,no_extraction,0.2,0.0,0.0385,1,58.5,46.7,100.0,32.0,60.0,20.0,92.3,C
CD016131,5,ratio,88.89,Moderate,0.05555555555555555,Leave-One-Out,0,100,Suspected,0.6289,1,1.62,CONCORDANT_NS,0.0,0.0,0.0,Low_Risk,-0.66,insufficient,0.2857142857142857,0.5,0.1765,3,78.3,88.9,100.0,87.6,100.0,28.6,64.7,B
CD016136,30,difference,98.92,Robust,0.989247311827957,Leave-One-Out,1,100,Suspected,0.2934,0,4.75,FALSE_REASSURANCE,78.1,0.296,40.0,Moderate_Risk,-1.19,no_extraction,0.03333333333333333,0.0,0.006,1,62.3,98.9,87.5,25.0,60.0,3.3,98.8,B
CD016147,3,ratio,97.62,Robust,0.023809523809523808,Leave-One-Out,0,0,unknown,1.0,0,10.82,CONCORDANT_NS,59.8,0.0847,15.0,Low_Risk,0.61,no_extraction,0.0,0.0,0,0,63.8,97.6,100.0,0,85.0,0.0,100,B
CD016148,4,ratio,66.67,Fragile,0.0,Bias Correction,0,0,unknown,1.0,0,2.2,CONCORDANT_NS,0.0,0.0,20.0,Low_Risk,-0.16,no_extraction,0.21428571428571427,0.0,0,0,74.0,66.7,100.0,76.0,80.0,21.4,100,B
CD016211,5,ratio,83.33,Moderate,0.8333333333333334,Leave-One-Out,0,100,Clean,0.2579,2,1.62,CONCORDANT_SIG,0.0,0.0,20.0,Low_Risk,-0.4,insufficient,0.2,1.0,0,0,78.5,83.3,100.0,87.6,80.0,20.0,100,B
CD016278,4,ratio,93.33,Robust,0.0,Leave-One-Out,0,0,unknown,1.0,0,2.65,CONCORDANT_NS,5.8,0.0048,20.0,Low_Risk,-0.43,no_extraction,0.3333333333333333,0.0,0.125,1,74.8,93.3,100.0,67.0,80.0,33.3,75.0,B
